state,year,variable,code,Order
Washington,1960,21.98375378,US-WA,28
Washington,1961,22.67539406,US-WA,28
Washington,1962,21.15720234,US-WA,28
Washington,1963,21.7129015,US-WA,28
Washington,1964,20.44124107,US-WA,28
Washington,1965,21.77058334,US-WA,28
Washington,1966,21.21646881,US-WA,28
Washington,1967,23.74164963,US-WA,28
Washington,1968,20.83737831,US-WA,28
Washington,1969,21.25109482,US-WA,28
Washington,1970,21.69204655,US-WA,28
Washington,1971,20.99352303,US-WA,28
Washington,1972,21.17135086,US-WA,28
Washington,1973,21.38744335,US-WA,28
Washington,1974,22.71479568,US-WA,28
Washington,1975,20.8860075,US-WA,28
Washington,1976,20.72061214,US-WA,28
Washington,1977,21.49112015,US-WA,28
Washington,1978,21.30427628,US-WA,28
Washington,1979,22.66008186,US-WA,28
Washington,1980,20.64439163,US-WA,28
Washington,1981,20.94539089,US-WA,28
Washington,1982,21.14574184,US-WA,28
Washington,1983,20.28245354,US-WA,28
Washington,1984,20.52050247,US-WA,28
Washington,1985,21.2288147,US-WA,28
Washington,1986,21.7814682,US-WA,28
Washington,1987,22.87586212,US-WA,28
Washington,1988,22.08511391,US-WA,28
Washington,1989,21.61063786,US-WA,28
British Columbia,1960,14.81973228,CA-BC,29
British Columbia,1961,15.74149876,CA-BC,29
British Columbia,1962,14.58294859,CA-BC,29
British Columbia,1963,15.55449257,CA-BC,29
British Columbia,1964,14.04401226,CA-BC,29
British Columbia,1965,15.38946457,CA-BC,29
British Columbia,1966,14.46259985,CA-BC,29
British Columbia,1967,16.18671131,CA-BC,29
British Columbia,1968,13.97034283,CA-BC,29
British Columbia,1969,14.63030272,CA-BC,29
British Columbia,1970,14.7200366,CA-BC,29
British Columbia,1971,14.71107321,CA-BC,29
British Columbia,1972,13.97538338,CA-BC,29
British Columbia,1973,14.13108559,CA-BC,29
British Columbia,1974,15.04900684,CA-BC,29
British Columbia,1975,14.49519386,CA-BC,29
British Columbia,1976,13.94685259,CA-BC,29
British Columbia,1977,14.82821865,CA-BC,29
British Columbia,1978,15.48027611,CA-BC,29
British Columbia,1979,16.01224155,CA-BC,29
British Columbia,1980,14.62192726,CA-BC,29
British Columbia,1981,15.17734337,CA-BC,29
British Columbia,1982,15.43582077,CA-BC,29
British Columbia,1983,14.12381392,CA-BC,29
British Columbia,1984,13.56068077,CA-BC,29
British Columbia,1985,14.37730398,CA-BC,29
British Columbia,1986,15.32999153,CA-BC,29
British Columbia,1987,15.83901577,CA-BC,29
British Columbia,1988,14.78668404,CA-BC,29
British Columbia,1989,15.97986965,CA-BC,29
Idaho,1960,23.9966753,US-ID,4
Idaho,1961,23.60693245,US-ID,4
Idaho,1962,22.98433418,US-ID,4
Idaho,1963,23.52971916,US-ID,4
Idaho,1964,22.3559948,US-ID,4
Idaho,1965,21.95093765,US-ID,4
Idaho,1966,23.59005032,US-ID,4
Idaho,1967,24.35021858,US-ID,4
Idaho,1968,21.93552761,US-ID,4
Idaho,1969,22.55914803,US-ID,4
Idaho,1970,22.51414852,US-ID,4
Idaho,1971,22.11931801,US-ID,4
Idaho,1972,22.34682713,US-ID,4
Idaho,1973,23.08527946,US-ID,4
Idaho,1974,24.3135685,US-ID,4
Idaho,1975,22.22548008,US-ID,4
Idaho,1976,22.37258816,US-ID,4
Idaho,1977,23.2385128,US-ID,4
Idaho,1978,22.69734077,US-ID,4
Idaho,1979,24.40525093,US-ID,4
Idaho,1980,22.0975605,US-ID,4
Idaho,1981,22.82326145,US-ID,4
Idaho,1982,21.60522003,US-ID,4
Idaho,1983,22.05013294,US-ID,4
Idaho,1984,21.42728958,US-ID,4
Idaho,1985,22.0619812,US-ID,4
Idaho,1986,22.7252058,US-ID,4
Idaho,1987,23.98998795,US-ID,4
Idaho,1988,25.022789,US-ID,4
Idaho,1989,23.08977833,US-ID,4
Montana,1960,24.25405388,US-MT,6
Montana,1961,23.96187744,US-MT,6
Montana,1962,22.77842484,US-MT,6
Montana,1963,24.65886192,US-MT,6
Montana,1964,22.68689117,US-MT,6
Montana,1965,21.62342358,US-MT,6
Montana,1966,23.61583366,US-MT,6
Montana,1967,24.11161289,US-MT,6
Montana,1968,22.03002834,US-MT,6
Montana,1969,22.32779102,US-MT,6
Montana,1970,23.34670048,US-MT,6
Montana,1971,22.9434988,US-MT,6
Montana,1972,21.93334103,US-MT,6
Montana,1973,23.49445667,US-MT,6
Montana,1974,23.83505554,US-MT,6
Montana,1975,22.07473259,US-MT,6
Montana,1976,23.15726242,US-MT,6
Montana,1977,22.72496796,US-MT,6
Montana,1978,22.95765228,US-MT,6
Montana,1979,24.5598278,US-MT,6
Montana,1980,22.64594021,US-MT,6
Montana,1981,23.09578056,US-MT,6
Montana,1982,22.1527319,US-MT,6
Montana,1983,23.29606323,US-MT,6
Montana,1984,22.18955879,US-MT,6
Montana,1985,21.62017803,US-MT,6
Montana,1986,22.4480381,US-MT,6
Montana,1987,23.49307404,US-MT,6
Montana,1988,25.32190742,US-MT,6
Montana,1989,23.25777836,US-MT,6
Alberta,1960,17.95909786,CA-AB,1
Alberta,1961,18.5894865,CA-AB,1
Alberta,1962,17.85681934,CA-AB,1
Alberta,1963,19.44933109,CA-AB,1
Alberta,1964,17.46723385,CA-AB,1
Alberta,1965,17.31318188,CA-AB,1
Alberta,1966,17.2229784,CA-AB,1
Alberta,1967,18.9954607,CA-AB,1
Alberta,1968,16.38291855,CA-AB,1
Alberta,1969,16.66537466,CA-AB,1
Alberta,1970,18.00527897,CA-AB,1
Alberta,1971,17.77925167,CA-AB,1
Alberta,1972,16.08579073,CA-AB,1
Alberta,1973,17.28184204,CA-AB,1
Alberta,1974,17.20753937,CA-AB,1
Alberta,1975,17.3442338,CA-AB,1
Alberta,1976,17.64197121,CA-AB,1
Alberta,1977,16.87484665,CA-AB,1
Alberta,1978,17.56528206,CA-AB,1
Alberta,1979,18.63767815,CA-AB,1
Alberta,1980,17.42191811,CA-AB,1
Alberta,1981,18.39761333,CA-AB,1
Alberta,1982,17.80437107,CA-AB,1
Alberta,1983,17.62911987,CA-AB,1
Alberta,1984,16.55318594,CA-AB,1
Alberta,1985,16.26899748,CA-AB,1
Alberta,1986,17.45066109,CA-AB,1
Alberta,1987,18.37936096,CA-AB,1
Alberta,1988,18.10193462,CA-AB,1
Alberta,1989,18.04014893,CA-AB,1
Saskatchewan,1960,18.58320961,CA-SK,17
Saskatchewan,1961,18.95193624,CA-SK,17
Saskatchewan,1962,18.71916084,CA-SK,17
Saskatchewan,1963,19.97303696,CA-SK,17
Saskatchewan,1964,17.87586994,CA-SK,17
Saskatchewan,1965,17.21773758,CA-SK,17
Saskatchewan,1966,18.14468517,CA-SK,17
Saskatchewan,1967,18.80694017,CA-SK,17
Saskatchewan,1968,16.7555459,CA-SK,17
Saskatchewan,1969,16.59191132,CA-SK,17
Saskatchewan,1970,18.27073183,CA-SK,17
Saskatchewan,1971,18.07711601,CA-SK,17
Saskatchewan,1972,16.42994957,CA-SK,17
Saskatchewan,1973,18.33688297,CA-SK,17
Saskatchewan,1974,17.19234848,CA-SK,17
Saskatchewan,1975,17.50297318,CA-SK,17
Saskatchewan,1976,18.2297781,CA-SK,17
Saskatchewan,1977,17.31047726,CA-SK,17
Saskatchewan,1978,17.6581871,CA-SK,17
Saskatchewan,1979,18.39721842,CA-SK,17
Saskatchewan,1980,17.59076939,CA-SK,17
Saskatchewan,1981,18.61135578,CA-SK,17
Saskatchewan,1982,17.54416695,CA-SK,17
Saskatchewan,1983,18.64574718,CA-SK,17
Saskatchewan,1984,17.91772614,CA-SK,17
Saskatchewan,1985,16.37333536,CA-SK,17
Saskatchewan,1986,17.436483,CA-SK,17
Saskatchewan,1987,18.17676334,CA-SK,17
Saskatchewan,1988,18.95648098,CA-SK,17
Saskatchewan,1989,18.72017174,CA-SK,17
North Dakota,1960,24.39918213,US-ND,15
North Dakota,1961,24.67885647,US-ND,15
North Dakota,1962,23.13441048,US-ND,15
North Dakota,1963,25.62703209,US-ND,15
North Dakota,1964,22.96704865,US-ND,15
North Dakota,1965,21.81483021,US-ND,15
North Dakota,1966,23.61372547,US-ND,15
North Dakota,1967,23.65968685,US-ND,15
North Dakota,1968,22.29563923,US-ND,15
North Dakota,1969,22.25374794,US-ND,15
North Dakota,1970,24.20039368,US-ND,15
North Dakota,1971,23.10076504,US-ND,15
North Dakota,1972,22.23736134,US-ND,15
North Dakota,1973,24.04703522,US-ND,15
North Dakota,1974,23.77135391,US-ND,15
North Dakota,1975,22.95846367,US-ND,15
North Dakota,1976,24.52816906,US-ND,15
North Dakota,1977,22.61697197,US-ND,15
North Dakota,1978,23.97093773,US-ND,15
North Dakota,1979,23.65530968,US-ND,15
North Dakota,1980,22.92457829,US-ND,15
North Dakota,1981,23.26301022,US-ND,15
North Dakota,1982,22.57103157,US-ND,15
North Dakota,1983,24.23117657,US-ND,15
North Dakota,1984,23.10014114,US-ND,15
North Dakota,1985,21.17335835,US-ND,15
North Dakota,1986,22.49272919,US-ND,15
North Dakota,1987,23.56755409,US-ND,15
North Dakota,1988,25.4886673,US-ND,15
North Dakota,1989,24.70468311,US-ND,15
Manitoba,1960,16.53978796,CA-MB,9
Manitoba,1961,16.60975761,CA-MB,9
Manitoba,1962,16.62151995,CA-MB,9
Manitoba,1963,17.80086994,CA-MB,9
Manitoba,1964,15.80630188,CA-MB,9
Manitoba,1965,15.17884016,CA-MB,9
Manitoba,1966,16.58903618,CA-MB,9
Manitoba,1967,16.74665413,CA-MB,9
Manitoba,1968,15.07030516,CA-MB,9
Manitoba,1969,14.46535025,CA-MB,9
Manitoba,1970,16.69660044,CA-MB,9
Manitoba,1971,15.9695941,CA-MB,9
Manitoba,1972,14.55886574,CA-MB,9
Manitoba,1973,16.78735971,CA-MB,9
Manitoba,1974,15.07257605,CA-MB,9
Manitoba,1975,15.83693209,CA-MB,9
Manitoba,1976,16.60967526,CA-MB,9
Manitoba,1977,15.97695732,CA-MB,9
Manitoba,1978,14.84619026,CA-MB,9
Manitoba,1979,15.39857283,CA-MB,9
Manitoba,1980,14.95920749,CA-MB,9
Manitoba,1981,16.5401659,CA-MB,9
Manitoba,1982,15.2441186,CA-MB,9
Manitoba,1983,17.44815655,CA-MB,9
Manitoba,1984,16.70365143,CA-MB,9
Manitoba,1985,14.85905561,CA-MB,9
Manitoba,1986,15.20071907,CA-MB,9
Manitoba,1987,16.06929646,CA-MB,9
Manitoba,1988,17.26152754,CA-MB,9
Manitoba,1989,17.14803638,CA-MB,9
Minnesota,1960,22.7037466,US-MN,13
Minnesota,1961,23.23272648,US-MN,13
Minnesota,1962,21.78655472,US-MN,13
Minnesota,1963,24.39458122,US-MN,13
Minnesota,1964,22.11882286,US-MN,13
Minnesota,1965,20.83985748,US-MN,13
Minnesota,1966,22.6442667,US-MN,13
Minnesota,1967,21.90084305,US-MN,13
Minnesota,1968,21.85904312,US-MN,13
Minnesota,1969,21.30554714,US-MN,13
Minnesota,1970,23.21689091,US-MN,13
Minnesota,1971,22.64521503,US-MN,13
Minnesota,1972,21.21690483,US-MN,13
Minnesota,1973,22.97134247,US-MN,13
Minnesota,1974,22.33725853,US-MN,13
Minnesota,1975,22.57452717,US-MN,13
Minnesota,1976,23.61206779,US-MN,13
Minnesota,1977,21.77689667,US-MN,13
Minnesota,1978,22.76643982,US-MN,13
Minnesota,1979,21.79497471,US-MN,13
Minnesota,1980,21.90714512,US-MN,13
Minnesota,1981,21.56624985,US-MN,13
Minnesota,1982,21.48215351,US-MN,13
Minnesota,1983,23.18437099,US-MN,13
Minnesota,1984,22.42589798,US-MN,13
Minnesota,1985,20.67045193,US-MN,13
Minnesota,1986,21.77115097,US-MN,13
Minnesota,1987,22.82415619,US-MN,13
Minnesota,1988,24.0211628,US-MN,13
Minnesota,1989,23.42168789,US-MN,13
Ontario,1960,17.5904314,CA-ON,25
Ontario,1961,17.98652534,CA-ON,25
Ontario,1962,17.49500904,CA-ON,25
Ontario,1963,18.85312042,CA-ON,25
Ontario,1964,16.67296886,CA-ON,25
Ontario,1965,15.80751572,CA-ON,25
Ontario,1966,17.50904179,CA-ON,25
Ontario,1967,17.62540789,CA-ON,25
Ontario,1968,17.15413437,CA-ON,25
Ontario,1969,16.31979904,CA-ON,25
Ontario,1970,18.43201981,CA-ON,25
Ontario,1971,18.05246048,CA-ON,25
Ontario,1972,16.25539961,CA-ON,25
Ontario,1973,18.35056343,CA-ON,25
Ontario,1974,16.41080389,CA-ON,25
Ontario,1975,17.88745937,CA-ON,25
Ontario,1976,17.85031328,CA-ON,25
Ontario,1977,17.00724125,CA-ON,25
Ontario,1978,16.48077278,CA-ON,25
Ontario,1979,16.73106041,CA-ON,25
Ontario,1980,16.27244205,CA-ON,25
Ontario,1981,17.54390907,CA-ON,25
Ontario,1982,16.40734768,CA-ON,25
Ontario,1983,19.12812786,CA-ON,25
Ontario,1984,17.91362572,CA-ON,25
Ontario,1985,16.63846684,CA-ON,25
Ontario,1986,16.47618895,CA-ON,25
Ontario,1987,17.58731432,CA-ON,25
Ontario,1988,17.83991375,CA-ON,25
Ontario,1989,18.22235985,CA-ON,25
Michigan,1960,22.46521187,US-MI,34
Michigan,1961,22.98413868,US-MI,34
Michigan,1962,22.1858284,US-MI,34
Michigan,1963,23.76315384,US-MI,34
Michigan,1964,22.27423267,US-MI,34
Michigan,1965,21.45266457,US-MI,34
Michigan,1966,22.88930264,US-MI,34
Michigan,1967,21.94789658,US-MI,34
Michigan,1968,22.54034824,US-MI,34
Michigan,1969,21.89069901,US-MI,34
Michigan,1970,23.02395973,US-MI,34
Michigan,1971,23.52067871,US-MI,34
Michigan,1972,20.87540283,US-MI,34
Michigan,1973,23.29936409,US-MI,34
Michigan,1974,21.74856663,US-MI,34
Michigan,1975,22.39216499,US-MI,34
Michigan,1976,22.53844776,US-MI,34
Michigan,1977,21.75673943,US-MI,34
Michigan,1978,22.32068386,US-MI,34
Michigan,1979,21.84614315,US-MI,34
Michigan,1980,21.44577847,US-MI,34
Michigan,1981,21.36507607,US-MI,34
Michigan,1982,21.54362659,US-MI,34
Michigan,1983,23.6760313,US-MI,34
Michigan,1984,22.78752937,US-MI,34
Michigan,1985,21.82009659,US-MI,34
Michigan,1986,21.76085453,US-MI,34
Michigan,1987,22.64025116,US-MI,34
Michigan,1988,23.15723591,US-MI,34
Michigan,1989,22.62815361,US-MI,34
Ohio,1960,25.54219704,US-OH,36
Ohio,1961,25.80040512,US-OH,36
Ohio,1962,25.31605682,US-OH,36
Ohio,1963,26.45693741,US-OH,36
Ohio,1964,25.76789284,US-OH,36
Ohio,1965,25.06287918,US-OH,36
Ohio,1966,25.35240364,US-OH,36
Ohio,1967,24.8577446,US-OH,36
Ohio,1968,25.60332031,US-OH,36
Ohio,1969,25.14094467,US-OH,36
Ohio,1970,26.07140045,US-OH,36
Ohio,1971,26.35294762,US-OH,36
Ohio,1972,23.85312595,US-OH,36
Ohio,1973,26.37447472,US-OH,36
Ohio,1974,24.36473274,US-OH,36
Ohio,1975,24.96936951,US-OH,36
Ohio,1976,23.85078526,US-OH,36
Ohio,1977,24.89670944,US-OH,36
Ohio,1978,25.30010986,US-OH,36
Ohio,1979,24.10595741,US-OH,36
Ohio,1980,25.19272003,US-OH,36
Ohio,1981,24.51397629,US-OH,36
Ohio,1982,24.70176811,US-OH,36
Ohio,1983,26.48292313,US-OH,36
Ohio,1984,25.58141823,US-OH,36
Ohio,1985,25.09359474,US-OH,36
Ohio,1986,25.52468643,US-OH,36
Ohio,1987,25.47671814,US-OH,36
Ohio,1988,25.81857758,US-OH,36
Ohio,1989,24.93282089,US-OH,36
Arizona,1960,32.35647392,US-AZ,35
Arizona,1961,31.32143669,US-AZ,35
Arizona,1962,31.84547005,US-AZ,35
Arizona,1963,31.54120941,US-AZ,35
Arizona,1964,31.35503998,US-AZ,35
Arizona,1965,30.73124313,US-AZ,35
Arizona,1966,31.53899117,US-AZ,35
Arizona,1967,30.97943764,US-AZ,35
Arizona,1968,30.99239998,US-AZ,35
Arizona,1969,31.11714363,US-AZ,35
Arizona,1970,30.95880928,US-AZ,35
Arizona,1971,30.74107323,US-AZ,35
Arizona,1972,30.68368492,US-AZ,35
Arizona,1973,32.00082893,US-AZ,35
Arizona,1974,31.79159508,US-AZ,35
Arizona,1975,31.39483948,US-AZ,35
Arizona,1976,30.47011375,US-AZ,35
Arizona,1977,32.03443756,US-AZ,35
Arizona,1978,32.34517059,US-AZ,35
Arizona,1979,32.35341187,US-AZ,35
Arizona,1980,32.11228867,US-AZ,35
Arizona,1981,31.56316109,US-AZ,35
Arizona,1982,30.59332237,US-AZ,35
Arizona,1983,31.03132019,US-AZ,35
Arizona,1984,30.00293465,US-AZ,35
Arizona,1985,31.43711815,US-AZ,35
Arizona,1986,30.64154625,US-AZ,35
Arizona,1987,31.87364883,US-AZ,35
Arizona,1988,32.19575233,US-AZ,35
Arizona,1989,32.17178459,US-AZ,35
California,1960,30.14736023,US-CA,3
California,1961,29.54917793,US-CA,3
California,1962,28.8710392,US-CA,3
California,1963,28.24492912,US-CA,3
California,1964,28.95510635,US-CA,3
California,1965,28.19567528,US-CA,3
California,1966,29.14132957,US-CA,3
California,1967,29.66934891,US-CA,3
California,1968,28.72038345,US-CA,3
California,1969,28.6360218,US-CA,3
California,1970,29.18340569,US-CA,3
California,1971,28.61186142,US-CA,3
California,1972,28.45097008,US-CA,3
California,1973,28.98787422,US-CA,3
California,1974,29.55029831,US-CA,3
California,1975,28.38663063,US-CA,3
California,1976,28.2717186,US-CA,3
California,1977,29.29705849,US-CA,3
California,1978,29.40566406,US-CA,3
California,1979,29.53172646,US-CA,3
California,1980,28.74520073,US-CA,3
California,1981,29.48635292,US-CA,3
California,1982,27.50917435,US-CA,3
California,1983,28.51603928,US-CA,3
California,1984,28.95545464,US-CA,3
California,1985,28.77997932,US-CA,3
California,1986,28.36942139,US-CA,3
California,1987,29.36427879,US-CA,3
California,1988,29.88313484,US-CA,3
California,1989,28.59336395,US-CA,3
New Mexico,1960,28.4503727,US-NM,30
New Mexico,1961,27.7834713,US-NM,30
New Mexico,1962,28.19872513,US-NM,30
New Mexico,1963,28.83977509,US-NM,30
New Mexico,1964,28.59454689,US-NM,30
New Mexico,1965,27.60174217,US-NM,30
New Mexico,1966,28.0121685,US-NM,30
New Mexico,1967,27.5445282,US-NM,30
New Mexico,1968,27.91046791,US-NM,30
New Mexico,1969,27.83204765,US-NM,30
New Mexico,1970,27.41534271,US-NM,30
New Mexico,1971,27.44697838,US-NM,30
New Mexico,1972,27.1350769,US-NM,30
New Mexico,1973,28.18466759,US-NM,30
New Mexico,1974,27.26651764,US-NM,30
New Mexico,1975,27.74935074,US-NM,30
New Mexico,1976,27.01163101,US-NM,30
New Mexico,1977,29.10813637,US-NM,30
New Mexico,1978,28.63379631,US-NM,30
New Mexico,1979,28.55340309,US-NM,30
New Mexico,1980,29.21141014,US-NM,30
New Mexico,1981,27.88533974,US-NM,30
New Mexico,1982,27.92305946,US-NM,30
New Mexico,1983,28.51578903,US-NM,30
New Mexico,1984,26.67152901,US-NM,30
New Mexico,1985,27.88014107,US-NM,30
New Mexico,1986,27.08036652,US-NM,30
New Mexico,1987,28.18131027,US-NM,30
New Mexico,1988,28.01095238,US-NM,30
New Mexico,1989,28.31842766,US-NM,30
Texas,1960,32.3039444,US-TX,8
Texas,1961,31.05823364,US-TX,8
Texas,1962,32.69811935,US-TX,8
Texas,1963,33.45940628,US-TX,8
Texas,1964,32.45403099,US-TX,8
Texas,1965,31.97073517,US-TX,8
Texas,1966,31.28146629,US-TX,8
Texas,1967,31.28276443,US-TX,8
Texas,1968,31.27748375,US-TX,8
Texas,1969,32.10808716,US-TX,8
Texas,1970,31.42386475,US-TX,8
Texas,1971,31.05436592,US-TX,8
Texas,1972,31.32308617,US-TX,8
Texas,1973,31.20099869,US-TX,8
Texas,1974,30.5919239,US-TX,8
Texas,1975,31.0502285,US-TX,8
Texas,1976,30.0611721,US-TX,8
Texas,1977,33.2536068,US-TX,8
Texas,1978,32.17468033,US-TX,8
Texas,1979,31.91849289,US-TX,8
Texas,1980,33.25487747,US-TX,8
Texas,1981,31.46014519,US-TX,8
Texas,1982,32.3549881,US-TX,8
Texas,1983,32.13407135,US-TX,8
Texas,1984,31.58503151,US-TX,8
Texas,1985,31.95341187,US-TX,8
Texas,1986,31.39558945,US-TX,8
Texas,1987,31.58109589,US-TX,8
Texas,1988,32.09728127,US-TX,8
Texas,1989,31.74937057,US-TX,8
Louisiana,1960,31.69900436,US-LA,12
Louisiana,1961,29.96623764,US-LA,12
Louisiana,1962,32.13275681,US-LA,12
Louisiana,1963,32.14603462,US-LA,12
Louisiana,1964,30.82901573,US-LA,12
Louisiana,1965,30.88780098,US-LA,12
Louisiana,1966,30.39300957,US-LA,12
Louisiana,1967,30.08107681,US-LA,12
Louisiana,1968,30.72382774,US-LA,12
Louisiana,1969,31.62933502,US-LA,12
Louisiana,1970,30.71251717,US-LA,12
Louisiana,1971,31.18520508,US-LA,12
Louisiana,1972,31.4087944,US-LA,12
Louisiana,1973,31.06269417,US-LA,12
Louisiana,1974,30.0267189,US-LA,12
Louisiana,1975,30.2353817,US-LA,12
Louisiana,1976,29.88212891,US-LA,12
Louisiana,1977,31.48171997,US-LA,12
Louisiana,1978,31.73832588,US-LA,12
Louisiana,1979,30.75334358,US-LA,12
Louisiana,1980,32.47149467,US-LA,12
Louisiana,1981,31.308535,US-LA,12
Louisiana,1982,31.08427963,US-LA,12
Louisiana,1983,30.81609039,US-LA,12
Louisiana,1984,30.64999695,US-LA,12
Louisiana,1985,31.05243149,US-LA,12
Louisiana,1986,31.4387455,US-LA,12
Louisiana,1987,31.06257477,US-LA,12
Louisiana,1988,30.72698517,US-LA,12
Louisiana,1989,30.24726677,US-LA,12
Mississippi,1960,31.03533401,US-MS,23
Mississippi,1961,29.66942482,US-MS,23
Mississippi,1962,31.4956665,US-MS,23
Mississippi,1963,31.45321541,US-MS,23
Mississippi,1964,30.19111595,US-MS,23
Mississippi,1965,30.28408318,US-MS,23
Mississippi,1966,29.87478142,US-MS,23
Mississippi,1967,28.92467079,US-MS,23
Mississippi,1968,30.43469276,US-MS,23
Mississippi,1969,30.69919624,US-MS,23
Mississippi,1970,30.3117981,US-MS,23
Mississippi,1971,30.7966053,US-MS,23
Mississippi,1972,30.85958672,US-MS,23
Mississippi,1973,30.96811409,US-MS,23
Mississippi,1974,29.24087601,US-MS,23
Mississippi,1975,29.50837746,US-MS,23
Mississippi,1976,29.34759102,US-MS,23
Mississippi,1977,31.01710663,US-MS,23
Mississippi,1978,31.20287552,US-MS,23
Mississippi,1979,29.86424713,US-MS,23
Mississippi,1980,31.94036713,US-MS,23
Mississippi,1981,30.65064697,US-MS,23
Mississippi,1982,30.13083344,US-MS,23
Mississippi,1983,30.353442,US-MS,23
Mississippi,1984,30.27814484,US-MS,23
Mississippi,1985,30.31820679,US-MS,23
Mississippi,1986,31.12161865,US-MS,23
Mississippi,1987,30.57905159,US-MS,23
Mississippi,1988,30.21893272,US-MS,23
Mississippi,1989,29.39763832,US-MS,23
Alabama,1960,30.56927719,US-AL,10
Alabama,1961,29.55801849,US-AL,10
Alabama,1962,31.01551476,US-AL,10
Alabama,1963,30.65333252,US-AL,10
Alabama,1964,29.65080032,US-AL,10
Alabama,1965,29.4251133,US-AL,10
Alabama,1966,29.60465889,US-AL,10
Alabama,1967,28.44890327,US-AL,10
Alabama,1968,30.48792801,US-AL,10
Alabama,1969,29.93142014,US-AL,10
Alabama,1970,30.13642731,US-AL,10
Alabama,1971,30.17182045,US-AL,10
Alabama,1972,30.29997444,US-AL,10
Alabama,1973,30.50248451,US-AL,10
Alabama,1974,28.98016968,US-AL,10
Alabama,1975,29.1155159,US-AL,10
Alabama,1976,28.82933006,US-AL,10
Alabama,1977,30.7223774,US-AL,10
Alabama,1978,30.96648903,US-AL,10
Alabama,1979,29.33547821,US-AL,10
Alabama,1980,31.4003212,US-AL,10
Alabama,1981,30.3168396,US-AL,10
Alabama,1982,29.9043972,US-AL,10
Alabama,1983,29.99985237,US-AL,10
Alabama,1984,30.36641273,US-AL,10
Alabama,1985,29.86388321,US-AL,10
Alabama,1986,30.86292877,US-AL,10
Alabama,1987,30.4916523,US-AL,10
Alabama,1988,29.82075195,US-AL,10
Alabama,1989,29.21735077,US-AL,10
Florida,1960,31.47907219,US-FL,38
Florida,1961,31.43952332,US-FL,38
Florida,1962,31.68189812,US-FL,38
Florida,1963,31.51999321,US-FL,38
Florida,1964,30.92982674,US-FL,38
Florida,1965,30.77529564,US-FL,38
Florida,1966,30.91355095,US-FL,38
Florida,1967,30.68629608,US-FL,38
Florida,1968,31.23560257,US-FL,38
Florida,1969,31.41269989,US-FL,38
Florida,1970,31.63167,US-FL,38
Florida,1971,31.4896347,US-FL,38
Florida,1972,31.66850357,US-FL,38
Florida,1973,31.60209198,US-FL,38
Florida,1974,30.93381271,US-FL,38
Florida,1975,31.23949814,US-FL,38
Florida,1976,30.61224022,US-FL,38
Florida,1977,31.62210541,US-FL,38
Florida,1978,31.53456535,US-FL,38
Florida,1979,31.32351418,US-FL,38
Florida,1980,32.10591965,US-FL,38
Florida,1981,31.99166031,US-FL,38
Florida,1982,31.1587677,US-FL,38
Florida,1983,31.31735725,US-FL,38
Florida,1984,31.25081596,US-FL,38
Florida,1985,31.70973015,US-FL,38
Florida,1986,32.08207054,US-FL,38
Florida,1987,31.72110062,US-FL,38
Florida,1988,31.40510635,US-FL,38
Florida,1989,31.71534843,US-FL,38
Oregon,1960,24.53270798,US-OR,7
Oregon,1961,24.36666031,US-OR,7
Oregon,1962,23.30271912,US-OR,7
Oregon,1963,23.1697506,US-OR,7
Oregon,1964,22.84948273,US-OR,7
Oregon,1965,23.36093407,US-OR,7
Oregon,1966,23.57311668,US-OR,7
Oregon,1967,25.56471062,US-OR,7
Oregon,1968,23.07633896,US-OR,7
Oregon,1969,23.0055048,US-OR,7
Oregon,1970,23.66851082,US-OR,7
Oregon,1971,22.67482815,US-OR,7
Oregon,1972,23.55027122,US-OR,7
Oregon,1973,23.75103188,US-OR,7
Oregon,1974,24.88939323,US-OR,7
Oregon,1975,22.87868538,US-OR,7
Oregon,1976,22.83718872,US-OR,7
Oregon,1977,23.61625137,US-OR,7
Oregon,1978,23.22112007,US-OR,7
Oregon,1979,24.29277,US-OR,7
Oregon,1980,22.74138069,US-OR,7
Oregon,1981,23.3224678,US-OR,7
Oregon,1982,22.29496765,US-OR,7
Oregon,1983,22.08914909,US-OR,7
Oregon,1984,22.06332474,US-OR,7
Oregon,1985,22.83841362,US-OR,7
Oregon,1986,23.42585831,US-OR,7
Oregon,1987,24.76787567,US-OR,7
Oregon,1988,24.84591446,US-OR,7
Oregon,1989,23.18753967,US-OR,7
Utah,1960,27.31991959,US-UT,33
Utah,1961,25.89034119,US-UT,33
Utah,1962,26.56310501,US-UT,33
Utah,1963,26.68236542,US-UT,33
Utah,1964,26.31568985,US-UT,33
Utah,1965,24.62153778,US-UT,33
Utah,1966,26.45714569,US-UT,33
Utah,1967,25.89738045,US-UT,33
Utah,1968,25.07045746,US-UT,33
Utah,1969,25.25960941,US-UT,33
Utah,1970,25.21627808,US-UT,33
Utah,1971,25.42812061,US-UT,33
Utah,1972,25.35161896,US-UT,33
Utah,1973,25.82960281,US-UT,33
Utah,1974,26.89691849,US-UT,33
Utah,1975,25.39411964,US-UT,33
Utah,1976,25.72549744,US-UT,33
Utah,1977,26.98776474,US-UT,33
Utah,1978,26.68546867,US-UT,33
Utah,1979,27.21915398,US-UT,33
Utah,1980,26.22435875,US-UT,33
Utah,1981,26.28907433,US-UT,33
Utah,1982,24.55151443,US-UT,33
Utah,1983,25.60572891,US-UT,33
Utah,1984,24.55231266,US-UT,33
Utah,1985,25.9121727,US-UT,33
Utah,1986,25.37750206,US-UT,33
Utah,1987,26.51799126,US-UT,33
Utah,1988,27.75415154,US-UT,33
Utah,1989,26.51710587,US-UT,33
Wyoming,1960,23.47090797,US-WY,22
Wyoming,1961,22.15691013,US-WY,22
Wyoming,1962,22.61753464,US-WY,22
Wyoming,1963,24.10479698,US-WY,22
Wyoming,1964,22.71118546,US-WY,22
Wyoming,1965,21.07405834,US-WY,22
Wyoming,1966,22.97162018,US-WY,22
Wyoming,1967,22.22147179,US-WY,22
Wyoming,1968,21.86509781,US-WY,22
Wyoming,1969,21.84181156,US-WY,22
Wyoming,1970,22.212286,US-WY,22
Wyoming,1971,22.01151905,US-WY,22
Wyoming,1972,21.74642696,US-WY,22
Wyoming,1973,22.2910326,US-WY,22
Wyoming,1974,23.22767143,US-WY,22
Wyoming,1975,22.16154861,US-WY,22
Wyoming,1976,22.59665699,US-WY,22
Wyoming,1977,23.42218819,US-WY,22
Wyoming,1978,22.8485199,US-WY,22
Wyoming,1979,23.45690765,US-WY,22
Wyoming,1980,23.03728142,US-WY,22
Wyoming,1981,22.76698227,US-WY,22
Wyoming,1982,21.34576225,US-WY,22
Wyoming,1983,22.88552227,US-WY,22
Wyoming,1984,21.33092136,US-WY,22
Wyoming,1985,21.88676643,US-WY,22
Wyoming,1986,21.88829308,US-WY,22
Wyoming,1987,22.92669067,US-WY,22
Wyoming,1988,24.93968925,US-WY,22
Wyoming,1989,22.89684505,US-WY,22
Nevada,1960,28.41755867,US-NV,32
Nevada,1961,27.23643608,US-NV,32
Nevada,1962,27.4150959,US-NV,32
Nevada,1963,26.70030746,US-NV,32
Nevada,1964,27.3025753,US-NV,32
Nevada,1965,25.88326797,US-NV,32
Nevada,1966,27.61134262,US-NV,32
Nevada,1967,27.69390945,US-NV,32
Nevada,1968,26.6481945,US-NV,32
Nevada,1969,26.69888077,US-NV,32
Nevada,1970,26.66058197,US-NV,32
Nevada,1971,26.34063873,US-NV,32
Nevada,1972,26.20780373,US-NV,32
Nevada,1973,27.25698814,US-NV,32
Nevada,1974,28.07206345,US-NV,32
Nevada,1975,26.55221443,US-NV,32
Nevada,1976,26.13343353,US-NV,32
Nevada,1977,28.00124283,US-NV,32
Nevada,1978,27.41007614,US-NV,32
Nevada,1979,28.22551003,US-NV,32
Nevada,1980,27.04213638,US-NV,32
Nevada,1981,27.8461937,US-NV,32
Nevada,1982,25.27039833,US-NV,32
Nevada,1983,26.31293373,US-NV,32
Nevada,1984,25.83064594,US-NV,32
Nevada,1985,26.92973213,US-NV,32
Nevada,1986,26.70594826,US-NV,32
Nevada,1987,28.09559059,US-NV,32
Nevada,1988,28.84158554,US-NV,32
Nevada,1989,27.17478981,US-NV,32
Colorado,1960,24.80550957,US-CO,18
Colorado,1961,23.27445488,US-CO,18
Colorado,1962,24.3607029,US-CO,18
Colorado,1963,25.57772293,US-CO,18
Colorado,1964,24.52909164,US-CO,18
Colorado,1965,22.70310936,US-CO,18
Colorado,1966,24.2610405,US-CO,18
Colorado,1967,23.23445168,US-CO,18
Colorado,1968,23.77658806,US-CO,18
Colorado,1969,22.49348221,US-CO,18
Colorado,1970,23.12438965,US-CO,18
Colorado,1971,23.60827827,US-CO,18
Colorado,1972,23.3579607,US-CO,18
Colorado,1973,23.71439018,US-CO,18
Colorado,1974,24.06636086,US-CO,18
Colorado,1975,23.96857491,US-CO,18
Colorado,1976,23.55820885,US-CO,18
Colorado,1977,25.10497093,US-CO,18
Colorado,1978,24.84984131,US-CO,18
Colorado,1979,24.78504982,US-CO,18
Colorado,1980,25.38414154,US-CO,18
Colorado,1981,24.13378963,US-CO,18
Colorado,1982,23.007127,US-CO,18
Colorado,1983,24.58659019,US-CO,18
Colorado,1984,22.88592167,US-CO,18
Colorado,1985,23.78576317,US-CO,18
Colorado,1986,23.35495548,US-CO,18
Colorado,1987,24.34834137,US-CO,18
Colorado,1988,25.15546303,US-CO,18
Colorado,1989,23.94789772,US-CO,18
South Dakota,1960,26.14550972,US-SD,21
South Dakota,1961,26.079813,US-SD,21
South Dakota,1962,24.60604134,US-SD,21
South Dakota,1963,27.3659359,US-SD,21
South Dakota,1964,25.86318092,US-SD,21
South Dakota,1965,24.02175674,US-SD,21
South Dakota,1966,25.59267006,US-SD,21
South Dakota,1967,24.9029213,US-SD,21
South Dakota,1968,25.06928825,US-SD,21
South Dakota,1969,24.49000092,US-SD,21
South Dakota,1970,26.29110584,US-SD,21
South Dakota,1971,25.59686756,US-SD,21
South Dakota,1972,24.53464737,US-SD,21
South Dakota,1973,26.25201378,US-SD,21
South Dakota,1974,26.4964489,US-SD,21
South Dakota,1975,25.90404396,US-SD,21
South Dakota,1976,26.96855698,US-SD,21
South Dakota,1977,25.32731285,US-SD,21
South Dakota,1978,26.33481064,US-SD,21
South Dakota,1979,25.54186859,US-SD,21
South Dakota,1980,26.32021828,US-SD,21
South Dakota,1981,25.4616415,US-SD,21
South Dakota,1982,24.31369534,US-SD,21
South Dakota,1983,26.32798271,US-SD,21
South Dakota,1984,24.92576313,US-SD,21
South Dakota,1985,23.91261902,US-SD,21
South Dakota,1986,24.40084152,US-SD,21
South Dakota,1987,25.85618839,US-SD,21
South Dakota,1988,27.4792778,US-SD,21
South Dakota,1989,26.46670456,US-SD,21
Nebraska,1960,26.97706871,US-NE,24
Nebraska,1961,26.30048409,US-NE,24
Nebraska,1962,25.77519531,US-NE,24
Nebraska,1963,28.56071968,US-NE,24
Nebraska,1964,26.8160717,US-NE,24
Nebraska,1965,25.06402359,US-NE,24
Nebraska,1966,26.51568642,US-NE,24
Nebraska,1967,25.57717361,US-NE,24
Nebraska,1968,26.8771122,US-NE,24
Nebraska,1969,25.35884228,US-NE,24
Nebraska,1970,26.76489925,US-NE,24
Nebraska,1971,26.87488174,US-NE,24
Nebraska,1972,25.68554153,US-NE,24
Nebraska,1973,26.64704208,US-NE,24
Nebraska,1974,27.15575943,US-NE,24
Nebraska,1975,27.19062691,US-NE,24
Nebraska,1976,26.80984116,US-NE,24
Nebraska,1977,26.92478447,US-NE,24
Nebraska,1978,27.64157448,US-NE,24
Nebraska,1979,26.93220825,US-NE,24
Nebraska,1980,28.2362442,US-NE,24
Nebraska,1981,26.31346779,US-NE,24
Nebraska,1982,25.35246887,US-NE,24
Nebraska,1983,27.54732018,US-NE,24
Nebraska,1984,26.29275665,US-NE,24
Nebraska,1985,25.23887825,US-NE,24
Nebraska,1986,26.11986465,US-NE,24
Nebraska,1987,26.71207809,US-NE,24
Nebraska,1988,27.92617912,US-NE,24
Nebraska,1989,26.51241112,US-NE,24
Kansas,1960,28.96892776,US-KS,19
Kansas,1961,27.83101425,US-KS,19
Kansas,1962,28.29635239,US-KS,19
Kansas,1963,31.11265297,US-KS,19
Kansas,1964,29.24948654,US-KS,19
Kansas,1965,28.09907455,US-KS,19
Kansas,1966,28.68563042,US-KS,19
Kansas,1967,27.31984367,US-KS,19
Kansas,1968,29.06309471,US-KS,19
Kansas,1969,27.65365982,US-KS,19
Kansas,1970,28.79290085,US-KS,19
Kansas,1971,29.20024109,US-KS,19
Kansas,1972,27.90000687,US-KS,19
Kansas,1973,28.89616356,US-KS,19
Kansas,1974,28.41564674,US-KS,19
Kansas,1975,29.25441818,US-KS,19
Kansas,1976,28.65388756,US-KS,19
Kansas,1977,29.48633652,US-KS,19
Kansas,1978,30.46076546,US-KS,19
Kansas,1979,29.54259109,US-KS,19
Kansas,1980,31.43381424,US-KS,19
Kansas,1981,28.59474182,US-KS,19
Kansas,1982,28.26041336,US-KS,19
Kansas,1983,30.14115677,US-KS,19
Kansas,1984,29.0684269,US-KS,19
Kansas,1985,27.89181366,US-KS,19
Kansas,1986,28.7144146,US-KS,19
Kansas,1987,28.78723717,US-KS,19
Kansas,1988,29.75874176,US-KS,19
Kansas,1989,27.8380024,US-KS,19
Oklahoma,1960,30.64654121,US-OK,27
Oklahoma,1961,29.29139442,US-OK,27
Oklahoma,1962,30.46431351,US-OK,27
Oklahoma,1963,32.89176025,US-OK,27
Oklahoma,1964,31.02686615,US-OK,27
Oklahoma,1965,30.70524101,US-OK,27
Oklahoma,1966,30.05524864,US-OK,27
Oklahoma,1967,29.41272545,US-OK,27
Oklahoma,1968,30.06009521,US-OK,27
Oklahoma,1969,30.27522621,US-OK,27
Oklahoma,1970,30.69063492,US-OK,27
Oklahoma,1971,30.36572876,US-OK,27
Oklahoma,1972,30.38170052,US-OK,27
Oklahoma,1973,30.09034004,US-OK,27
Oklahoma,1974,29.30016365,US-OK,27
Oklahoma,1975,29.94822693,US-OK,27
Oklahoma,1976,29.45287857,US-OK,27
Oklahoma,1977,31.57184906,US-OK,27
Oklahoma,1978,32.23643379,US-OK,27
Oklahoma,1979,30.83958435,US-OK,27
Oklahoma,1980,33.0756424,US-OK,27
Oklahoma,1981,30.2192646,US-OK,27
Oklahoma,1982,30.44975281,US-OK,27
Oklahoma,1983,31.16869087,US-OK,27
Oklahoma,1984,30.86342278,US-OK,27
Oklahoma,1985,30.54569435,US-OK,27
Oklahoma,1986,30.3004055,US-OK,27
Oklahoma,1987,30.02856674,US-OK,27
Oklahoma,1988,30.86686516,US-OK,27
Oklahoma,1989,29.16320839,US-OK,27
Iowa,1960,25.3677433,US-IA,11
Iowa,1961,25.31422729,US-IA,11
Iowa,1962,24.74193039,US-IA,11
Iowa,1963,27.14319115,US-IA,11
Iowa,1964,25.31288033,US-IA,11
Iowa,1965,24.50114594,US-IA,11
Iowa,1966,25.43192329,US-IA,11
Iowa,1967,24.19993286,US-IA,11
Iowa,1968,25.37720642,US-IA,11
Iowa,1969,24.34576302,US-IA,11
Iowa,1970,25.30774498,US-IA,11
Iowa,1971,26.51914482,US-IA,11
Iowa,1972,24.38443375,US-IA,11
Iowa,1973,25.85997162,US-IA,11
Iowa,1974,25.03442841,US-IA,11
Iowa,1975,25.83744621,US-IA,11
Iowa,1976,25.56185818,US-IA,11
Iowa,1977,25.24598923,US-IA,11
Iowa,1978,25.82559395,US-IA,11
Iowa,1979,25.29361305,US-IA,11
Iowa,1980,25.93505878,US-IA,11
Iowa,1981,24.69556522,US-IA,11
Iowa,1982,24.2854805,US-IA,11
Iowa,1983,26.67236061,US-IA,11
Iowa,1984,25.54454269,US-IA,11
Iowa,1985,24.16678543,US-IA,11
Iowa,1986,24.91108742,US-IA,11
Iowa,1987,25.31709023,US-IA,11
Iowa,1988,27.06194878,US-IA,11
Iowa,1989,25.49684639,US-IA,11
Missouri,1960,28.45163689,US-MO,14
Missouri,1961,27.41624374,US-MO,14
Missouri,1962,27.9085453,US-MO,14
Missouri,1963,29.96357155,US-MO,14
Missouri,1964,27.97324867,US-MO,14
Missouri,1965,27.42070961,US-MO,14
Missouri,1966,27.42310181,US-MO,14
Missouri,1967,26.49290199,US-MO,14
Missouri,1968,27.72900391,US-MO,14
Missouri,1969,27.54007988,US-MO,14
Missouri,1970,27.68098106,US-MO,14
Missouri,1971,28.90435753,US-MO,14
Missouri,1972,27.52553558,US-MO,14
Missouri,1973,28.33688736,US-MO,14
Missouri,1974,26.92180748,US-MO,14
Missouri,1975,28.05059624,US-MO,14
Missouri,1976,27.32149925,US-MO,14
Missouri,1977,28.07025223,US-MO,14
Missouri,1978,28.78704224,US-MO,14
Missouri,1979,27.86063271,US-MO,14
Missouri,1980,30.22680779,US-MO,14
Missouri,1981,27.33371849,US-MO,14
Missouri,1982,26.90211563,US-MO,14
Missouri,1983,29.35912933,US-MO,14
Missouri,1984,28.06593742,US-MO,14
Missouri,1985,27.02766953,US-MO,14
Missouri,1986,28.13367233,US-MO,14
Missouri,1987,28.04031715,US-MO,14
Missouri,1988,28.57933273,US-MO,14
Missouri,1989,27.03256073,US-MO,14
Wisconsin,1960,22.45200443,US-WI,16
Wisconsin,1961,23.08018169,US-WI,16
Wisconsin,1962,21.94624519,US-WI,16
Wisconsin,1963,24.44200249,US-WI,16
Wisconsin,1964,22.5189291,US-WI,16
Wisconsin,1965,21.42772942,US-WI,16
Wisconsin,1966,23.0193346,US-WI,16
Wisconsin,1967,21.66872196,US-WI,16
Wisconsin,1968,22.40215683,US-WI,16
Wisconsin,1969,21.59734707,US-WI,16
Wisconsin,1970,23.38596783,US-WI,16
Wisconsin,1971,23.43871689,US-WI,16
Wisconsin,1972,21.36939983,US-WI,16
Wisconsin,1973,23.46218033,US-WI,16
Wisconsin,1974,22.03124371,US-WI,16
Wisconsin,1975,22.81331635,US-WI,16
Wisconsin,1976,23.42382774,US-WI,16
Wisconsin,1977,21.94296608,US-WI,16
Wisconsin,1978,22.58331623,US-WI,16
Wisconsin,1979,22.01681423,US-WI,16
Wisconsin,1980,21.98465366,US-WI,16
Wisconsin,1981,21.65407085,US-WI,16
Wisconsin,1982,21.7485466,US-WI,16
Wisconsin,1983,23.6230938,US-WI,16
Wisconsin,1984,22.77270947,US-WI,16
Wisconsin,1985,21.77587318,US-WI,16
Wisconsin,1986,21.96356239,US-WI,16
Wisconsin,1987,22.81708221,US-WI,16
Wisconsin,1988,24.08892479,US-WI,16
Wisconsin,1989,23.14986496,US-WI,16
Illinois,1960,26.8785923,US-IL,5
Illinois,1961,26.79433174,US-IL,5
Illinois,1962,26.52324562,US-IL,5
Illinois,1963,28.26078033,US-IL,5
Illinois,1964,27.11749268,US-IL,5
Illinois,1965,26.05975876,US-IL,5
Illinois,1966,26.58759766,US-IL,5
Illinois,1967,25.21821861,US-IL,5
Illinois,1968,26.62029228,US-IL,5
Illinois,1969,25.92461662,US-IL,5
Illinois,1970,26.41449318,US-IL,5
Illinois,1971,27.85188293,US-IL,5
Illinois,1972,25.60333481,US-IL,5
Illinois,1973,27.18109894,US-IL,5
Illinois,1974,25.51866646,US-IL,5
Illinois,1975,26.38234787,US-IL,5
Illinois,1976,25.84411526,US-IL,5
Illinois,1977,26.22161827,US-IL,5
Illinois,1978,26.95313148,US-IL,5
Illinois,1979,26.48511009,US-IL,5
Illinois,1980,27.30794182,US-IL,5
Illinois,1981,25.72543907,US-IL,5
Illinois,1982,25.56291618,US-IL,5
Illinois,1983,28.24941139,US-IL,5
Illinois,1984,27.01227875,US-IL,5
Illinois,1985,25.8974144,US-IL,5
Illinois,1986,26.75137672,US-IL,5
Illinois,1987,26.86089325,US-IL,5
Illinois,1988,27.86300545,US-IL,5
Illinois,1989,26.2432106,US-IL,5
Kentucky,1960,27.99134178,US-KY,26
Kentucky,1961,27.64534607,US-KY,26
Kentucky,1962,27.61435699,US-KY,26
Kentucky,1963,28.29389114,US-KY,26
Kentucky,1964,27.9449707,US-KY,26
Kentucky,1965,27.3399826,US-KY,26
Kentucky,1966,27.13865585,US-KY,26
Kentucky,1967,26.13585472,US-KY,26
Kentucky,1968,27.73893967,US-KY,26
Kentucky,1969,27.79106026,US-KY,26
Kentucky,1970,27.85809669,US-KY,26
Kentucky,1971,28.07567253,US-KY,26
Kentucky,1972,26.65161171,US-KY,26
Kentucky,1973,28.3946064,US-KY,26
Kentucky,1974,25.91017075,US-KY,26
Kentucky,1975,27.16582832,US-KY,26
Kentucky,1976,25.79993973,US-KY,26
Kentucky,1977,27.37788467,US-KY,26
Kentucky,1978,27.79537392,US-KY,26
Kentucky,1979,26.29770241,US-KY,26
Kentucky,1980,28.53752213,US-KY,26
Kentucky,1981,26.89069748,US-KY,26
Kentucky,1982,26.59103546,US-KY,26
Kentucky,1983,28.93012314,US-KY,26
Kentucky,1984,27.93921585,US-KY,26
Kentucky,1985,27.34536972,US-KY,26
Kentucky,1986,28.10535583,US-KY,26
Kentucky,1987,28.10268822,US-KY,26
Kentucky,1988,27.85971069,US-KY,26
Kentucky,1989,26.82510452,US-KY,26
Arkansas,1960,30.39185944,US-AR,2
Arkansas,1961,29.07539558,US-AR,2
Arkansas,1962,30.07566071,US-AR,2
Arkansas,1963,31.67316513,US-AR,2
Arkansas,1964,29.98810654,US-AR,2
Arkansas,1965,29.87991486,US-AR,2
Arkansas,1966,29.25750313,US-AR,2
Arkansas,1967,28.59058876,US-AR,2
Arkansas,1968,29.50396996,US-AR,2
Arkansas,1969,30.16705971,US-AR,2
Arkansas,1970,29.70258598,US-AR,2
Arkansas,1971,30.41817245,US-AR,2
Arkansas,1972,29.98291168,US-AR,2
Arkansas,1973,29.9849556,US-AR,2
Arkansas,1974,28.3851532,US-AR,2
Arkansas,1975,29.25059814,US-AR,2
Arkansas,1976,28.44918556,US-AR,2
Arkansas,1977,30.50954819,US-AR,2
Arkansas,1978,30.91397781,US-AR,2
Arkansas,1979,29.29846001,US-AR,2
Arkansas,1980,32.18938179,US-AR,2
Arkansas,1981,29.42103119,US-AR,2
Arkansas,1982,29.46914978,US-AR,2
Arkansas,1983,30.79084663,US-AR,2
Arkansas,1984,29.59321251,US-AR,2
Arkansas,1985,30.10443497,US-AR,2
Arkansas,1986,30.44907036,US-AR,2
Arkansas,1987,30.17957993,US-AR,2
Arkansas,1988,30.04477234,US-AR,2
Arkansas,1989,28.60065994,US-AR,2
Tennessee,1960,28.54254379,US-TN,20
Tennessee,1961,27.93160629,US-TN,20
Tennessee,1962,28.50377235,US-TN,20
Tennessee,1963,28.83106499,US-TN,20
Tennessee,1964,27.96746063,US-TN,20
Tennessee,1965,27.84886627,US-TN,20
Tennessee,1966,27.61044159,US-TN,20
Tennessee,1967,26.40242233,US-TN,20
Tennessee,1968,28.45413361,US-TN,20
Tennessee,1969,28.31642723,US-TN,20
Tennessee,1970,28.32486229,US-TN,20
Tennessee,1971,28.59946976,US-TN,20
Tennessee,1972,27.44488754,US-TN,20
Tennessee,1973,28.76166115,US-TN,20
Tennessee,1974,26.66508751,US-TN,20
Tennessee,1975,27.53015022,US-TN,20
Tennessee,1976,26.527425,US-TN,20
Tennessee,1977,28.4666172,US-TN,20
Tennessee,1978,28.80594597,US-TN,20
Tennessee,1979,27.05758286,US-TN,20
Tennessee,1980,29.56733017,US-TN,20
Tennessee,1981,27.75398293,US-TN,20
Tennessee,1982,27.47604942,US-TN,20
Tennessee,1983,29.04550133,US-TN,20
Tennessee,1984,28.34274979,US-TN,20
Tennessee,1985,28.03068695,US-TN,20
Tennessee,1986,28.90671272,US-TN,20
Tennessee,1987,28.71331024,US-TN,20
Tennessee,1988,28.26842804,US-TN,20
Tennessee,1989,27.33986664,US-TN,20
Indiana,1960,26.55152435,US-IN,31
Indiana,1961,26.51297951,US-IN,31
Indiana,1962,26.18761711,US-IN,31
Indiana,1963,27.52623253,US-IN,31
Indiana,1964,26.7113575,US-IN,31
Indiana,1965,25.71797752,US-IN,31
Indiana,1966,26.17957764,US-IN,31
Indiana,1967,25.31804657,US-IN,31
Indiana,1968,26.30555878,US-IN,31
Indiana,1969,25.88999786,US-IN,31
Indiana,1970,26.42651596,US-IN,31
Indiana,1971,27.11408691,US-IN,31
Indiana,1972,24.92253571,US-IN,31
Indiana,1973,27.04390907,US-IN,31
Indiana,1974,25.08495522,US-IN,31
Indiana,1975,25.85265121,US-IN,31
Indiana,1976,25.08575134,US-IN,31
Indiana,1977,25.93531265,US-IN,31
Indiana,1978,26.33764267,US-IN,31
Indiana,1979,25.44325638,US-IN,31
Indiana,1980,26.63448982,US-IN,31
Indiana,1981,25.26806641,US-IN,31
Indiana,1982,25.24055176,US-IN,31
Indiana,1983,27.7842392,US-IN,31
Indiana,1984,26.60754776,US-IN,31
Indiana,1985,25.90249748,US-IN,31
Indiana,1986,26.42393761,US-IN,31
Indiana,1987,26.30654373,US-IN,31
Indiana,1988,27.06136684,US-IN,31
Indiana,1989,25.71389847,US-IN,31
Washington,1990,21.99682961,US-WA,28
Washington,1991,21.85621262,US-WA,28
Washington,1992,22.17964668,US-WA,28
Washington,1993,20.88047066,US-WA,28
Washington,1994,22.58654118,US-WA,28
Washington,1995,21.2289938,US-WA,28
Washington,1996,21.47261238,US-WA,28
Washington,1997,21.33193207,US-WA,28
Washington,1998,22.73643208,US-WA,28
Washington,1999,21.10034046,US-WA,28
Washington,2000,21.22408199,US-WA,28
Washington,2001,21.1147707,US-WA,28
Washington,2002,21.83067112,US-WA,28
Washington,2003,23.32909355,US-WA,28
Washington,2004,22.07693081,US-WA,28
Washington,2005,21.39974861,US-WA,28
Washington,2006,22.38660431,US-WA,28
Washington,2007,21.32554054,US-WA,28
Washington,2008,21.32104778,US-WA,28
Washington,2009,22.24044781,US-WA,28
Washington,2010,20.94188118,US-WA,28
Washington,2011,21.48768501,US-WA,28
Washington,2012,21.87702751,US-WA,28
Washington,2013,22.29377098,US-WA,28
Washington,2014,23.28171082,US-WA,28
Washington,2015,23.76121407,US-WA,28
Washington,2016,21.8326786,US-WA,28
Washington,2017,22.84858513,US-WA,28
Washington,2018,22.13420544,US-WA,28
Washington,2019,21.7099369,US-WA,28
British Columbia,1990,15.68664761,CA-BC,29
British Columbia,1991,14.71230841,CA-BC,29
British Columbia,1992,14.88888683,CA-BC,29
British Columbia,1993,15.20838966,CA-BC,29
British Columbia,1994,15.82246265,CA-BC,29
British Columbia,1995,15.33308668,CA-BC,29
British Columbia,1996,13.99483232,CA-BC,29
British Columbia,1997,14.83348112,CA-BC,29
British Columbia,1998,16.23626585,CA-BC,29
British Columbia,1999,14.64794846,CA-BC,29
British Columbia,2000,14.33971453,CA-BC,29
British Columbia,2001,14.51117697,CA-BC,29
British Columbia,2002,14.81150599,CA-BC,29
British Columbia,2003,15.77888966,CA-BC,29
British Columbia,2004,15.67785702,CA-BC,29
British Columbia,2005,14.69411678,CA-BC,29
British Columbia,2006,15.84221783,CA-BC,29
British Columbia,2007,14.8460598,CA-BC,29
British Columbia,2008,14.8337533,CA-BC,29
British Columbia,2009,15.88788691,CA-BC,29
British Columbia,2010,15.40374336,CA-BC,29
British Columbia,2011,14.73577404,CA-BC,29
British Columbia,2012,15.30789528,CA-BC,29
British Columbia,2013,16.27741299,CA-BC,29
British Columbia,2014,16.24663563,CA-BC,29
British Columbia,2015,16.12899532,CA-BC,29
British Columbia,2016,15.42990913,CA-BC,29
British Columbia,2017,15.88409481,CA-BC,29
British Columbia,2018,15.3115777,CA-BC,29
British Columbia,2019,15.44240103,CA-BC,29
Idaho,1990,23.84400806,US-ID,4
Idaho,1991,23.70039825,US-ID,4
Idaho,1992,23.52458229,US-ID,4
Idaho,1993,20.95741444,US-ID,4
Idaho,1994,24.53838062,US-ID,4
Idaho,1995,22.29563789,US-ID,4
Idaho,1996,23.40566692,US-ID,4
Idaho,1997,22.52909813,US-ID,4
Idaho,1998,23.40689507,US-ID,4
Idaho,1999,22.96196022,US-ID,4
Idaho,2000,23.32568951,US-ID,4
Idaho,2001,24.39333153,US-ID,4
Idaho,2002,22.97898121,US-ID,4
Idaho,2003,25.27173157,US-ID,4
Idaho,2004,22.72148457,US-ID,4
Idaho,2005,23.12462139,US-ID,4
Idaho,2006,23.91890564,US-ID,4
Idaho,2007,24.01761322,US-ID,4
Idaho,2008,23.45762978,US-ID,4
Idaho,2009,22.67131596,US-ID,4
Idaho,2010,22.91082802,US-ID,4
Idaho,2011,23.56610508,US-ID,4
Idaho,2012,24.57071571,US-ID,4
Idaho,2013,24.11107883,US-ID,4
Idaho,2014,24.30415688,US-ID,4
Idaho,2015,25.04104958,US-ID,4
Idaho,2016,23.64933243,US-ID,4
Idaho,2017,23.73586292,US-ID,4
Idaho,2018,23.51420403,US-ID,4
Idaho,2019,22.86577148,US-ID,4
Montana,1990,24.15814018,US-MT,6
Montana,1991,23.45563602,US-MT,6
Montana,1992,22.24613743,US-MT,6
Montana,1993,20.29624805,US-MT,6
Montana,1994,24.30294132,US-MT,6
Montana,1995,22.59340248,US-MT,6
Montana,1996,23.54401588,US-MT,6
Montana,1997,23.10090122,US-MT,6
Montana,1998,23.77234745,US-MT,6
Montana,1999,22.56890469,US-MT,6
Montana,2000,23.43440304,US-MT,6
Montana,2001,24.45610027,US-MT,6
Montana,2002,22.06402874,US-MT,6
Montana,2003,24.92443085,US-MT,6
Montana,2004,21.95841389,US-MT,6
Montana,2005,23.18647041,US-MT,6
Montana,2006,24.03429642,US-MT,6
Montana,2007,24.52486591,US-MT,6
Montana,2008,23.29965172,US-MT,6
Montana,2009,22.34236393,US-MT,6
Montana,2010,22.65401039,US-MT,6
Montana,2011,23.9203125,US-MT,6
Montana,2012,24.43309116,US-MT,6
Montana,2013,23.53324203,US-MT,6
Montana,2014,23.52006378,US-MT,6
Montana,2015,24.82421227,US-MT,6
Montana,2016,23.38415794,US-MT,6
Montana,2017,23.95594196,US-MT,6
Montana,2018,22.75684204,US-MT,6
Montana,2019,22.20386486,US-MT,6
Alberta,1990,18.05333185,CA-AB,1
Alberta,1991,17.37034664,CA-AB,1
Alberta,1992,16.61580811,CA-AB,1
Alberta,1993,16.78442478,CA-AB,1
Alberta,1994,18.51474648,CA-AB,1
Alberta,1995,17.35639877,CA-AB,1
Alberta,1996,16.70348682,CA-AB,1
Alberta,1997,17.4841959,CA-AB,1
Alberta,1998,19.26212883,CA-AB,1
Alberta,1999,17.65033798,CA-AB,1
Alberta,2000,16.96133595,CA-AB,1
Alberta,2001,18.19799128,CA-AB,1
Alberta,2002,16.8805481,CA-AB,1
Alberta,2003,18.54453716,CA-AB,1
Alberta,2004,16.7978302,CA-AB,1
Alberta,2005,16.96290703,CA-AB,1
Alberta,2006,18.51727667,CA-AB,1
Alberta,2007,17.85920296,CA-AB,1
Alberta,2008,18.482061,CA-AB,1
Alberta,2009,17.80967827,CA-AB,1
Alberta,2010,17.77601433,CA-AB,1
Alberta,2011,18.38891277,CA-AB,1
Alberta,2012,18.45243282,CA-AB,1
Alberta,2013,18.77592773,CA-AB,1
Alberta,2014,18.859231,CA-AB,1
Alberta,2015,18.87507133,CA-AB,1
Alberta,2016,17.5782423,CA-AB,1
Alberta,2017,18.79647598,CA-AB,1
Alberta,2018,16.97421274,CA-AB,1
Alberta,2019,16.68003874,CA-AB,1
Saskatchewan,1990,18.35946245,CA-SK,17
Saskatchewan,1991,17.82959204,CA-SK,17
Saskatchewan,1992,16.6303422,CA-SK,17
Saskatchewan,1993,16.12729206,CA-SK,17
Saskatchewan,1994,18.75724258,CA-SK,17
Saskatchewan,1995,18.03886671,CA-SK,17
Saskatchewan,1996,17.54371958,CA-SK,17
Saskatchewan,1997,18.38016911,CA-SK,17
Saskatchewan,1998,19.29760933,CA-SK,17
Saskatchewan,1999,17.68459606,CA-SK,17
Saskatchewan,2000,17.59596252,CA-SK,17
Saskatchewan,2001,19.02692957,CA-SK,17
Saskatchewan,2002,17.11471858,CA-SK,17
Saskatchewan,2003,19.16674881,CA-SK,17
Saskatchewan,2004,16.47363739,CA-SK,17
Saskatchewan,2005,17.64108028,CA-SK,17
Saskatchewan,2006,18.69789,CA-SK,17
Saskatchewan,2007,18.32174149,CA-SK,17
Saskatchewan,2008,18.84707222,CA-SK,17
Saskatchewan,2009,17.5307631,CA-SK,17
Saskatchewan,2010,18.14342766,CA-SK,17
Saskatchewan,2011,19.43130264,CA-SK,17
Saskatchewan,2012,18.66326818,CA-SK,17
Saskatchewan,2013,18.91584978,CA-SK,17
Saskatchewan,2014,18.48138981,CA-SK,17
Saskatchewan,2015,19.12531433,CA-SK,17
Saskatchewan,2016,18.01330709,CA-SK,17
Saskatchewan,2017,19.23231678,CA-SK,17
Saskatchewan,2018,17.12367268,CA-SK,17
Saskatchewan,2019,17.10242901,CA-SK,17
North Dakota,1990,24.48263683,US-ND,15
North Dakota,1991,23.47782345,US-ND,15
North Dakota,1992,21.74390888,US-ND,15
North Dakota,1993,20.68629074,US-ND,15
North Dakota,1994,23.39065418,US-ND,15
North Dakota,1995,23.45319691,US-ND,15
North Dakota,1996,23.28195858,US-ND,15
North Dakota,1997,24.27068062,US-ND,15
North Dakota,1998,23.82000408,US-ND,15
North Dakota,1999,22.45094318,US-ND,15
North Dakota,2000,23.3922266,US-ND,15
North Dakota,2001,23.80508976,US-ND,15
North Dakota,2002,22.66546564,US-ND,15
North Dakota,2003,24.69439163,US-ND,15
North Dakota,2004,22.01282921,US-ND,15
North Dakota,2005,23.89690189,US-ND,15
North Dakota,2006,24.0616333,US-ND,15
North Dakota,2007,24.41179943,US-ND,15
North Dakota,2008,23.32600956,US-ND,15
North Dakota,2009,21.74028759,US-ND,15
North Dakota,2010,23.27685356,US-ND,15
North Dakota,2011,24.21922989,US-ND,15
North Dakota,2012,24.47398968,US-ND,15
North Dakota,2013,23.28358612,US-ND,15
North Dakota,2014,22.8506073,US-ND,15
North Dakota,2015,24.80506668,US-ND,15
North Dakota,2016,24.13553696,US-ND,15
North Dakota,2017,24.34496994,US-ND,15
North Dakota,2018,23.01536865,US-ND,15
North Dakota,2019,22.63209381,US-ND,15
Manitoba,1990,16.27858262,CA-MB,9
Manitoba,1991,16.29680893,CA-MB,9
Manitoba,1992,14.23554344,CA-MB,9
Manitoba,1993,14.18719864,CA-MB,9
Manitoba,1994,17.24049606,CA-MB,9
Manitoba,1995,16.68718185,CA-MB,9
Manitoba,1996,16.77192764,CA-MB,9
Manitoba,1997,16.71070566,CA-MB,9
Manitoba,1998,17.62856998,CA-MB,9
Manitoba,1999,16.20717182,CA-MB,9
Manitoba,2000,16.06571207,CA-MB,9
Manitoba,2001,17.28774137,CA-MB,9
Manitoba,2002,15.8315419,CA-MB,9
Manitoba,2003,17.63791342,CA-MB,9
Manitoba,2004,15.19119797,CA-MB,9
Manitoba,2005,16.62036724,CA-MB,9
Manitoba,2006,17.35670042,CA-MB,9
Manitoba,2007,16.44423323,CA-MB,9
Manitoba,2008,16.90345879,CA-MB,9
Manitoba,2009,15.62152996,CA-MB,9
Manitoba,2010,16.76693859,CA-MB,9
Manitoba,2011,17.95735912,CA-MB,9
Manitoba,2012,17.06992631,CA-MB,9
Manitoba,2013,17.33692513,CA-MB,9
Manitoba,2014,16.42447042,CA-MB,9
Manitoba,2015,16.9930028,CA-MB,9
Manitoba,2016,16.40836143,CA-MB,9
Manitoba,2017,17.09868212,CA-MB,9
Manitoba,2018,15.24249167,CA-MB,9
Manitoba,2019,16.65073137,CA-MB,9
Minnesota,1990,22.87677536,US-MN,13
Minnesota,1991,22.32323246,US-MN,13
Minnesota,1992,20.4523119,US-MN,13
Minnesota,1993,20.15412521,US-MN,13
Minnesota,1994,22.24276409,US-MN,13
Minnesota,1995,22.63330841,US-MN,13
Minnesota,1996,22.25027065,US-MN,13
Minnesota,1997,22.52339897,US-MN,13
Minnesota,1998,22.84482727,US-MN,13
Minnesota,1999,21.94140911,US-MN,13
Minnesota,2000,22.21581097,US-MN,13
Minnesota,2001,22.70504742,US-MN,13
Minnesota,2002,21.92158871,US-MN,13
Minnesota,2003,22.96092968,US-MN,13
Minnesota,2004,21.3519907,US-MN,13
Minnesota,2005,23.42742481,US-MN,13
Minnesota,2006,22.78271065,US-MN,13
Minnesota,2007,23.40022125,US-MN,13
Minnesota,2008,22.37197838,US-MN,13
Minnesota,2009,20.91700134,US-MN,13
Minnesota,2010,22.93276215,US-MN,13
Minnesota,2011,23.57081871,US-MN,13
Minnesota,2012,23.9219553,US-MN,13
Minnesota,2013,22.87506409,US-MN,13
Minnesota,2014,22.15593967,US-MN,13
Minnesota,2015,23.32774239,US-MN,13
Minnesota,2016,23.16237011,US-MN,13
Minnesota,2017,22.86493473,US-MN,13
Minnesota,2018,22.1241478,US-MN,13
Minnesota,2019,22.53984165,US-MN,13
Ontario,1990,17.25429611,CA-ON,25
Ontario,1991,17.82783403,CA-ON,25
Ontario,1992,15.36455212,CA-ON,25
Ontario,1993,16.01906309,CA-ON,25
Ontario,1994,17.9269186,CA-ON,25
Ontario,1995,18.27016068,CA-ON,25
Ontario,1996,18.13905592,CA-ON,25
Ontario,1997,18.13234005,CA-ON,25
Ontario,1998,18.65186577,CA-ON,25
Ontario,1999,17.93954525,CA-ON,25
Ontario,2000,17.28110905,CA-ON,25
Ontario,2001,18.41332436,CA-ON,25
Ontario,2002,18.11124687,CA-ON,25
Ontario,2003,18.20417681,CA-ON,25
Ontario,2004,17.28526955,CA-ON,25
Ontario,2005,19.4896162,CA-ON,25
Ontario,2006,18.16843481,CA-ON,25
Ontario,2007,18.38588047,CA-ON,25
Ontario,2008,17.80603657,CA-ON,25
Ontario,2009,16.77766819,CA-ON,25
Ontario,2010,18.14071674,CA-ON,25
Ontario,2011,19.21454945,CA-ON,25
Ontario,2012,18.53705912,CA-ON,25
Ontario,2013,18.09541931,CA-ON,25
Ontario,2014,17.35819216,CA-ON,25
Ontario,2015,18.4468504,CA-ON,25
Ontario,2016,18.53576565,CA-ON,25
Ontario,2017,18.11114464,CA-ON,25
Ontario,2018,17.66251802,CA-ON,25
Ontario,2019,18.33208733,CA-ON,25
Michigan,1990,22.01103172,US-MI,34
Michigan,1991,22.97618332,US-MI,34
Michigan,1992,20.51152878,US-MI,34
Michigan,1993,21.3393219,US-MI,34
Michigan,1994,22.62027874,US-MI,34
Michigan,1995,23.48595657,US-MI,34
Michigan,1996,22.17749138,US-MI,34
Michigan,1997,21.75155468,US-MI,34
Michigan,1998,23.06614361,US-MI,34
Michigan,1999,22.69764118,US-MI,34
Michigan,2000,21.84584541,US-MI,34
Michigan,2001,22.3870903,US-MI,34
Michigan,2002,23.15849743,US-MI,34
Michigan,2003,22.40209084,US-MI,34
Michigan,2004,21.91364059,US-MI,34
Michigan,2005,24.32654724,US-MI,34
Michigan,2006,22.26465588,US-MI,34
Michigan,2007,23.90315628,US-MI,34
Michigan,2008,22.5034935,US-MI,34
Michigan,2009,21.07007008,US-MI,34
Michigan,2010,23.20420761,US-MI,34
Michigan,2011,23.31860752,US-MI,34
Michigan,2012,23.6679781,US-MI,34
Michigan,2013,22.68678131,US-MI,34
Michigan,2014,21.96135178,US-MI,34
Michigan,2015,22.91491165,US-MI,34
Michigan,2016,24.01101379,US-MI,34
Michigan,2017,23.27597809,US-MI,34
Michigan,2018,23.17906685,US-MI,34
Michigan,2019,22.89429264,US-MI,34
Ohio,1990,24.69037399,US-OH,36
Ohio,1991,26.65829048,US-OH,36
Ohio,1992,23.7014183,US-OH,36
Ohio,1993,25.15334435,US-OH,36
Ohio,1994,25.37779922,US-OH,36
Ohio,1995,25.91591148,US-OH,36
Ohio,1996,24.7798275,US-OH,36
Ohio,1997,24.1701107,US-OH,36
Ohio,1998,25.63466759,US-OH,36
Ohio,1999,26.02025871,US-OH,36
Ohio,2000,24.40657043,US-OH,36
Ohio,2001,24.74488754,US-OH,36
Ohio,2002,26.19645958,US-OH,36
Ohio,2003,23.94518661,US-OH,36
Ohio,2004,24.26029205,US-OH,36
Ohio,2005,26.43176041,US-OH,36
Ohio,2006,24.21689529,US-OH,36
Ohio,2007,26.96912422,US-OH,36
Ohio,2008,25.64615173,US-OH,36
Ohio,2009,23.86710815,US-OH,36
Ohio,2010,26.60446014,US-OH,36
Ohio,2011,25.63771591,US-OH,36
Ohio,2012,26.02327614,US-OH,36
Ohio,2013,25.15823593,US-OH,36
Ohio,2014,24.88489227,US-OH,36
Ohio,2015,25.43123055,US-OH,36
Ohio,2016,27.02805557,US-OH,36
Ohio,2017,25.32143898,US-OH,36
Ohio,2018,26.05760536,US-OH,36
Ohio,2019,26.96969376,US-OH,36
Arizona,1990,31.83183289,US-AZ,35
Arizona,1991,31.61952972,US-AZ,35
Arizona,1992,31.65948219,US-AZ,35
Arizona,1993,31.51376991,US-AZ,35
Arizona,1994,32.82596626,US-AZ,35
Arizona,1995,32.69568481,US-AZ,35
Arizona,1996,32.15986786,US-AZ,35
Arizona,1997,31.03886452,US-AZ,35
Arizona,1998,31.06749382,US-AZ,35
Arizona,1999,30.92054977,US-AZ,35
Arizona,2000,31.30990715,US-AZ,35
Arizona,2001,32.35106163,US-AZ,35
Arizona,2002,31.62943726,US-AZ,35
Arizona,2003,32.47088127,US-AZ,35
Arizona,2004,30.96457672,US-AZ,35
Arizona,2005,31.53416252,US-AZ,35
Arizona,2006,31.20667114,US-AZ,35
Arizona,2007,32.08340912,US-AZ,35
Arizona,2008,31.93281555,US-AZ,35
Arizona,2009,31.39427299,US-AZ,35
Arizona,2010,32.50633583,US-AZ,35
Arizona,2011,32.64267693,US-AZ,35
Arizona,2012,32.79027596,US-AZ,35
Arizona,2013,31.97918129,US-AZ,35
Arizona,2014,32.5157444,US-AZ,35
Arizona,2015,32.80789108,US-AZ,35
Arizona,2016,32.75633736,US-AZ,35
Arizona,2017,32.72174683,US-AZ,35
Arizona,2018,32.56814766,US-AZ,35
Arizona,2019,33.28785706,US-AZ,35
California,1990,29.5816433,US-CA,3
California,1991,29.394207,US-CA,3
California,1992,29.46743736,US-CA,3
California,1993,28.7627636,US-CA,3
California,1994,29.73465004,US-CA,3
California,1995,29.31739693,US-CA,3
California,1996,29.63263054,US-CA,3
California,1997,28.43142929,US-CA,3
California,1998,27.80307541,US-CA,3
California,1999,28.23743782,US-CA,3
California,2000,28.10781212,US-CA,3
California,2001,28.96347618,US-CA,3
California,2002,28.48700714,US-CA,3
California,2003,29.5205471,US-CA,3
California,2004,28.44922714,US-CA,3
California,2005,28.2359726,US-CA,3
California,2006,29.06213875,US-CA,3
California,2007,28.52797546,US-CA,3
California,2008,29.29712524,US-CA,3
California,2009,28.48719368,US-CA,3
California,2010,28.48181458,US-CA,3
California,2011,28.46768074,US-CA,3
California,2012,29.23083649,US-CA,3
California,2013,28.91769409,US-CA,3
California,2014,30.07123642,US-CA,3
California,2015,30.36379318,US-CA,3
California,2016,29.36869545,US-CA,3
California,2017,29.9246994,US-CA,3
California,2018,29.93128891,US-CA,3
California,2019,29.49317093,US-CA,3
New Mexico,1990,28.46844063,US-NM,30
New Mexico,1991,27.55652275,US-NM,30
New Mexico,1992,28.42497368,US-NM,30
New Mexico,1993,28.3297039,US-NM,30
New Mexico,1994,29.63761749,US-NM,30
New Mexico,1995,29.02653008,US-NM,30
New Mexico,1996,28.26034927,US-NM,30
New Mexico,1997,27.70657768,US-NM,30
New Mexico,1998,28.52258224,US-NM,30
New Mexico,1999,27.52095108,US-NM,30
New Mexico,2000,28.29019089,US-NM,30
New Mexico,2001,29.18806915,US-NM,30
New Mexico,2002,28.04361954,US-NM,30
New Mexico,2003,28.77317581,US-NM,30
New Mexico,2004,27.08144913,US-NM,30
New Mexico,2005,28.33024902,US-NM,30
New Mexico,2006,27.44496231,US-NM,30
New Mexico,2007,28.80825729,US-NM,30
New Mexico,2008,28.06835976,US-NM,30
New Mexico,2009,28.02604713,US-NM,30
New Mexico,2010,29.60013428,US-NM,30
New Mexico,2011,30.33434715,US-NM,30
New Mexico,2012,29.97106552,US-NM,30
New Mexico,2013,28.7696022,US-NM,30
New Mexico,2014,28.74533844,US-NM,30
New Mexico,2015,29.454216,US-NM,30
New Mexico,2016,29.839468,US-NM,30
New Mexico,2017,28.79152184,US-NM,30
New Mexico,2018,29.07009125,US-NM,30
New Mexico,2019,29.79508667,US-NM,30
Texas,1990,32.13729095,US-TX,8
Texas,1991,31.26019211,US-TX,8
Texas,1992,31.73072281,US-TX,8
Texas,1993,31.99412956,US-TX,8
Texas,1994,32.32880707,US-TX,8
Texas,1995,31.99638824,US-TX,8
Texas,1996,31.48282318,US-TX,8
Texas,1997,31.76197662,US-TX,8
Texas,1998,33.3369545,US-TX,8
Texas,1999,32.04128952,US-TX,8
Texas,2000,32.49755783,US-TX,8
Texas,2001,32.15095291,US-TX,8
Texas,2002,31.28725243,US-TX,8
Texas,2003,31.62860641,US-TX,8
Texas,2004,31.24267349,US-TX,8
Texas,2005,32.7228508,US-TX,8
Texas,2006,32.41566048,US-TX,8
Texas,2007,31.69526482,US-TX,8
Texas,2008,32.08888702,US-TX,8
Texas,2009,32.16837196,US-TX,8
Texas,2010,33.06584892,US-TX,8
Texas,2011,34.76716919,US-TX,8
Texas,2012,33.17838097,US-TX,8
Texas,2013,32.84036789,US-TX,8
Texas,2014,32.48486404,US-TX,8
Texas,2015,33.11324806,US-TX,8
Texas,2016,33.15918121,US-TX,8
Texas,2017,32.25131874,US-TX,8
Texas,2018,32.49256744,US-TX,8
Texas,2019,33.42546501,US-TX,8
Louisiana,1990,31.95856438,US-LA,12
Louisiana,1991,31.16737328,US-LA,12
Louisiana,1992,30.54730225,US-LA,12
Louisiana,1993,31.54500542,US-LA,12
Louisiana,1994,30.35286026,US-LA,12
Louisiana,1995,31.74696617,US-LA,12
Louisiana,1996,30.4150898,US-LA,12
Louisiana,1997,30.79042587,US-LA,12
Louisiana,1998,32.21507301,US-LA,12
Louisiana,1999,31.38044968,US-LA,12
Louisiana,2000,32.05074081,US-LA,12
Louisiana,2001,30.16222305,US-LA,12
Louisiana,2002,30.84600105,US-LA,12
Louisiana,2003,30.68889542,US-LA,12
Louisiana,2004,31.09110947,US-LA,12
Louisiana,2005,32.0473465,US-LA,12
Louisiana,2006,31.6810257,US-LA,12
Louisiana,2007,31.56515656,US-LA,12
Louisiana,2008,30.89633636,US-LA,12
Louisiana,2009,31.00532379,US-LA,12
Louisiana,2010,32.65241051,US-LA,12
Louisiana,2011,32.7054245,US-LA,12
Louisiana,2012,31.22888947,US-LA,12
Louisiana,2013,31.50278664,US-LA,12
Louisiana,2014,31.1532547,US-LA,12
Louisiana,2015,32.09630699,US-LA,12
Louisiana,2016,32.50519867,US-LA,12
Louisiana,2017,30.75466385,US-LA,12
Louisiana,2018,31.77506065,US-LA,12
Louisiana,2019,32.69917755,US-LA,12
Mississippi,1990,31.39993134,US-MS,23
Mississippi,1991,30.66062126,US-MS,23
Mississippi,1992,29.5635891,US-MS,23
Mississippi,1993,30.68858032,US-MS,23
Mississippi,1994,29.5204895,US-MS,23
Mississippi,1995,30.82254906,US-MS,23
Mississippi,1996,29.78609467,US-MS,23
Mississippi,1997,29.71823311,US-MS,23
Mississippi,1998,31.50149536,US-MS,23
Mississippi,1999,30.78202171,US-MS,23
Mississippi,2000,31.50247688,US-MS,23
Mississippi,2001,29.30602264,US-MS,23
Mississippi,2002,30.19044533,US-MS,23
Mississippi,2003,29.61255112,US-MS,23
Mississippi,2004,29.87626801,US-MS,23
Mississippi,2005,30.78238831,US-MS,23
Mississippi,2006,30.94262657,US-MS,23
Mississippi,2007,31.27622108,US-MS,23
Mississippi,2008,30.03554001,US-MS,23
Mississippi,2009,29.82709007,US-MS,23
Mississippi,2010,32.14813042,US-MS,23
Mississippi,2011,31.30464592,US-MS,23
Mississippi,2012,30.31735115,US-MS,23
Mississippi,2013,30.1474102,US-MS,23
Mississippi,2014,30.32239685,US-MS,23
Mississippi,2015,31.15050812,US-MS,23
Mississippi,2016,32.29555321,US-MS,23
Mississippi,2017,29.92272377,US-MS,23
Mississippi,2018,31.00728874,US-MS,23
Mississippi,2019,32.20925674,US-MS,23
Alabama,1990,31.48145447,US-AL,10
Alabama,1991,30.3673851,US-AL,10
Alabama,1992,28.97310448,US-AL,10
Alabama,1993,30.76412964,US-AL,10
Alabama,1994,28.871064,US-AL,10
Alabama,1995,30.34039192,US-AL,10
Alabama,1996,29.37312813,US-AL,10
Alabama,1997,29.22678986,US-AL,10
Alabama,1998,31.21082764,US-AL,10
Alabama,1999,30.37982712,US-AL,10
Alabama,2000,30.93725662,US-AL,10
Alabama,2001,28.89224281,US-AL,10
Alabama,2002,30.09147224,US-AL,10
Alabama,2003,29.03923874,US-AL,10
Alabama,2004,29.66773376,US-AL,10
Alabama,2005,30.30770721,US-AL,10
Alabama,2006,30.52272949,US-AL,10
Alabama,2007,31.12984428,US-AL,10
Alabama,2008,29.93132286,US-AL,10
Alabama,2009,29.50670242,US-AL,10
Alabama,2010,32.02210808,US-AL,10
Alabama,2011,30.96366425,US-AL,10
Alabama,2012,30.05214844,US-AL,10
Alabama,2013,29.60534363,US-AL,10
Alabama,2014,30.32620811,US-AL,10
Alabama,2015,30.60986481,US-AL,10
Alabama,2016,32.45401268,US-AL,10
Alabama,2017,29.69633102,US-AL,10
Alabama,2018,31.03000145,US-AL,10
Alabama,2019,32.25480194,US-AL,10
Florida,1990,32.53885803,US-FL,38
Florida,1991,31.67331238,US-FL,38
Florida,1992,31.17795715,US-FL,38
Florida,1993,32.27229233,US-FL,38
Florida,1994,31.03699074,US-FL,38
Florida,1995,31.68289909,US-FL,38
Florida,1996,31.31085587,US-FL,38
Florida,1997,31.34842415,US-FL,38
Florida,1998,32.46621971,US-FL,38
Florida,1999,31.526688,US-FL,38
Florida,2000,31.8166584,US-FL,38
Florida,2001,30.86439934,US-FL,38
Florida,2002,31.5950592,US-FL,38
Florida,2003,31.1201664,US-FL,38
Florida,2004,31.62702065,US-FL,38
Florida,2005,31.78127823,US-FL,38
Florida,2006,31.85728302,US-FL,38
Florida,2007,32.22676849,US-FL,38
Florida,2008,31.39172745,US-FL,38
Florida,2009,31.95087585,US-FL,38
Florida,2010,32.71857109,US-FL,38
Florida,2011,32.32339935,US-FL,38
Florida,2012,31.38230171,US-FL,38
Florida,2013,31.50994682,US-FL,38
Florida,2014,31.93415642,US-FL,38
Florida,2015,32.09429092,US-FL,38
Florida,2016,32.79854164,US-FL,38
Florida,2017,31.54506264,US-FL,38
Florida,2018,32.40441208,US-FL,38
Florida,2019,33.12787933,US-FL,38
Oregon,1990,24.05974846,US-OR,7
Oregon,1991,24.30569649,US-OR,7
Oregon,1992,24.57347794,US-OR,7
Oregon,1993,22.41890335,US-OR,7
Oregon,1994,24.64817619,US-OR,7
Oregon,1995,23.17743492,US-OR,7
Oregon,1996,23.87125244,US-OR,7
Oregon,1997,22.93965836,US-OR,7
Oregon,1998,23.72632408,US-OR,7
Oregon,1999,23.17110443,US-OR,7
Oregon,2000,23.11114922,US-OR,7
Oregon,2001,23.46407852,US-OR,7
Oregon,2002,23.6396225,US-OR,7
Oregon,2003,25.1361084,US-OR,7
Oregon,2004,23.63612022,US-OR,7
Oregon,2005,23.26647148,US-OR,7
Oregon,2006,24.02184944,US-OR,7
Oregon,2007,23.16253834,US-OR,7
Oregon,2008,23.51923027,US-OR,7
Oregon,2009,23.60316296,US-OR,7
Oregon,2010,22.85939789,US-OR,7
Oregon,2011,23.38420944,US-OR,7
Oregon,2012,24.09708557,US-OR,7
Oregon,2013,24.07389221,US-OR,7
Oregon,2014,25.21572266,US-OR,7
Oregon,2015,25.6937252,US-OR,7
Oregon,2016,23.94719162,US-OR,7
Oregon,2017,24.68246117,US-OR,7
Oregon,2018,24.49257736,US-OR,7
Oregon,2019,23.25010719,US-OR,7
Utah,1990,27.07009125,US-UT,33
Utah,1991,26.32252998,US-UT,33
Utah,1992,26.51887703,US-UT,33
Utah,1993,24.92119675,US-UT,33
Utah,1994,27.70535393,US-UT,33
Utah,1995,26.18215065,US-UT,33
Utah,1996,26.81654167,US-UT,33
Utah,1997,25.59679413,US-UT,33
Utah,1998,25.51423302,US-UT,33
Utah,1999,25.98289871,US-UT,33
Utah,2000,26.72083778,US-UT,33
Utah,2001,27.75038033,US-UT,33
Utah,2002,26.67694607,US-UT,33
Utah,2003,28.03702202,US-UT,33
Utah,2004,25.70475731,US-UT,33
Utah,2005,26.23084755,US-UT,33
Utah,2006,26.38451538,US-UT,33
Utah,2007,27.3777874,US-UT,33
Utah,2008,26.92580643,US-UT,33
Utah,2009,25.40567226,US-UT,33
Utah,2010,27.175177,US-UT,33
Utah,2011,26.99689255,US-UT,33
Utah,2012,27.95351791,US-UT,33
Utah,2013,26.78044891,US-UT,33
Utah,2014,27.00564919,US-UT,33
Utah,2015,27.62843018,US-UT,33
Utah,2016,27.69414558,US-UT,33
Utah,2017,26.72000885,US-UT,33
Utah,2018,27.53713112,US-UT,33
Utah,2019,27.11222401,US-UT,33
Wyoming,1990,23.45417271,US-WY,22
Wyoming,1991,22.86807919,US-WY,22
Wyoming,1992,22.27453308,US-WY,22
Wyoming,1993,20.36912346,US-WY,22
Wyoming,1994,23.58437347,US-WY,22
Wyoming,1995,21.96462955,US-WY,22
Wyoming,1996,22.98740978,US-WY,22
Wyoming,1997,22.06316166,US-WY,22
Wyoming,1998,22.33418636,US-WY,22
Wyoming,1999,22.53709373,US-WY,22
Wyoming,2000,23.53406773,US-WY,22
Wyoming,2001,24.18785,US-WY,22
Wyoming,2002,22.65523815,US-WY,22
Wyoming,2003,24.09457703,US-WY,22
Wyoming,2004,21.71223125,US-WY,22
Wyoming,2005,23.25597992,US-WY,22
Wyoming,2006,23.34555569,US-WY,22
Wyoming,2007,24.18527145,US-WY,22
Wyoming,2008,22.63765068,US-WY,22
Wyoming,2009,20.988414,US-WY,22
Wyoming,2010,23.41308327,US-WY,22
Wyoming,2011,23.73979015,US-WY,22
Wyoming,2012,24.78359966,US-WY,22
Wyoming,2013,23.20437889,US-WY,22
Wyoming,2014,23.15798416,US-WY,22
Wyoming,2015,24.29986115,US-WY,22
Wyoming,2016,24.21664886,US-WY,22
Wyoming,2017,22.85823517,US-WY,22
Wyoming,2018,22.90320339,US-WY,22
Wyoming,2019,22.20078068,US-WY,22
Nevada,1990,27.95343246,US-NV,32
Nevada,1991,27.6835125,US-NV,32
Nevada,1992,27.63740921,US-NV,32
Nevada,1993,26.00729866,US-NV,32
Nevada,1994,28.49799805,US-NV,32
Nevada,1995,27.15461159,US-NV,32
Nevada,1996,27.74416847,US-NV,32
Nevada,1997,26.27852592,US-NV,32
Nevada,1998,26.02719231,US-NV,32
Nevada,1999,27.19969025,US-NV,32
Nevada,2000,27.1620636,US-NV,32
Nevada,2001,28.52572632,US-NV,32
Nevada,2002,27.57392502,US-NV,32
Nevada,2003,28.90997543,US-NV,32
Nevada,2004,26.85311508,US-NV,32
Nevada,2005,27.04440041,US-NV,32
Nevada,2006,27.69882774,US-NV,32
Nevada,2007,27.7446949,US-NV,32
Nevada,2008,28.07985764,US-NV,32
Nevada,2009,26.68086739,US-NV,32
Nevada,2010,27.52964211,US-NV,32
Nevada,2011,27.56703033,US-NV,32
Nevada,2012,28.5507946,US-NV,32
Nevada,2013,27.68548622,US-NV,32
Nevada,2014,28.4358387,US-NV,32
Nevada,2015,28.80291595,US-NV,32
Nevada,2016,28.14817352,US-NV,32
Nevada,2017,27.89672279,US-NV,32
Nevada,2018,28.63978386,US-NV,32
Nevada,2019,27.55373688,US-NV,32
Colorado,1990,24.70623894,US-CO,18
Colorado,1991,24.17309685,US-CO,18
Colorado,1992,23.62463379,US-CO,18
Colorado,1993,22.96316833,US-CO,18
Colorado,1994,25.10035019,US-CO,18
Colorado,1995,23.78771172,US-CO,18
Colorado,1996,24.00908318,US-CO,18
Colorado,1997,23.36587753,US-CO,18
Colorado,1998,24.09506741,US-CO,18
Colorado,1999,23.50747223,US-CO,18
Colorado,2000,24.94758263,US-CO,18
Colorado,2001,25.51676102,US-CO,18
Colorado,2002,24.41638527,US-CO,18
Colorado,2003,25.37562561,US-CO,18
Colorado,2004,23.26641769,US-CO,18
Colorado,2005,24.76118622,US-CO,18
Colorado,2006,24.06335106,US-CO,18
Colorado,2007,25.47571106,US-CO,18
Colorado,2008,24.34120903,US-CO,18
Colorado,2009,22.9182312,US-CO,18
Colorado,2010,25.73783989,US-CO,18
Colorado,2011,25.70473328,US-CO,18
Colorado,2012,26.32076302,US-CO,18
Colorado,2013,24.63030663,US-CO,18
Colorado,2014,24.76962738,US-CO,18
Colorado,2015,25.54226761,US-CO,18
Colorado,2016,26.12625046,US-CO,18
Colorado,2017,24.58594398,US-CO,18
Colorado,2018,25.06418228,US-CO,18
Colorado,2019,25.04707317,US-CO,18
South Dakota,1990,26.27935677,US-SD,21
South Dakota,1991,25.83231983,US-SD,21
South Dakota,1992,23.36818428,US-SD,21
South Dakota,1993,22.72827835,US-SD,21
South Dakota,1994,25.20328102,US-SD,21
South Dakota,1995,24.91524525,US-SD,21
South Dakota,1996,24.98433266,US-SD,21
South Dakota,1997,25.51702194,US-SD,21
South Dakota,1998,25.52181149,US-SD,21
South Dakota,1999,24.95922852,US-SD,21
South Dakota,2000,26.05222015,US-SD,21
South Dakota,2001,26.00117912,US-SD,21
South Dakota,2002,25.45470276,US-SD,21
South Dakota,2003,26.6327179,US-SD,21
South Dakota,2004,24.55233727,US-SD,21
South Dakota,2005,26.69727592,US-SD,21
South Dakota,2006,25.90998421,US-SD,21
South Dakota,2007,26.60686569,US-SD,21
South Dakota,2008,25.28181992,US-SD,21
South Dakota,2009,23.14285641,US-SD,21
South Dakota,2010,25.81493759,US-SD,21
South Dakota,2011,26.04567757,US-SD,21
South Dakota,2012,27.42128029,US-SD,21
South Dakota,2013,25.36599178,US-SD,21
South Dakota,2014,24.94437408,US-SD,21
South Dakota,2015,26.30980492,US-SD,21
South Dakota,2016,26.63631363,US-SD,21
South Dakota,2017,26.2868866,US-SD,21
South Dakota,2018,25.07689495,US-SD,21
South Dakota,2019,24.60058441,US-SD,21
Nebraska,1990,27.66079216,US-NE,24
Nebraska,1991,27.36326637,US-NE,24
Nebraska,1992,24.83839836,US-NE,24
Nebraska,1993,24.49594536,US-NE,24
Nebraska,1994,26.7820446,US-NE,24
Nebraska,1995,26.51503029,US-NE,24
Nebraska,1996,25.54604645,US-NE,24
Nebraska,1997,26.23466454,US-NE,24
Nebraska,1998,26.61338921,US-NE,24
Nebraska,1999,26.00736771,US-NE,24
Nebraska,2000,27.46064415,US-NE,24
Nebraska,2001,26.98469009,US-NE,24
Nebraska,2002,26.70664978,US-NE,24
Nebraska,2003,27.4317482,US-NE,24
Nebraska,2004,25.60797844,US-NE,24
Nebraska,2005,27.75685997,US-NE,24
Nebraska,2006,26.62632751,US-NE,24
Nebraska,2007,27.45306664,US-NE,24
Nebraska,2008,26.20289726,US-NE,24
Nebraska,2009,23.93381081,US-NE,24
Nebraska,2010,27.35819588,US-NE,24
Nebraska,2011,27.11786537,US-NE,24
Nebraska,2012,28.72365189,US-NE,24
Nebraska,2013,26.71054115,US-NE,24
Nebraska,2014,26.29680824,US-NE,24
Nebraska,2015,27.12892075,US-NE,24
Nebraska,2016,27.91791534,US-NE,24
Nebraska,2017,27.1489933,US-NE,24
Nebraska,2018,26.34148026,US-NE,24
Nebraska,2019,26.70201187,US-NE,24
Kansas,1990,30.07297249,US-KS,19
Kansas,1991,30.00367355,US-KS,19
Kansas,1992,27.30851479,US-KS,19
Kansas,1993,27.6247818,US-KS,19
Kansas,1994,29.35688438,US-KS,19
Kansas,1995,28.92681541,US-KS,19
Kansas,1996,27.79642448,US-KS,19
Kansas,1997,28.25528641,US-KS,19
Kansas,1998,29.8247036,US-KS,19
Kansas,1999,28.53012314,US-KS,19
Kansas,2000,29.96918373,US-KS,19
Kansas,2001,29.63490181,US-KS,19
Kansas,2002,28.93104477,US-KS,19
Kansas,2003,29.40628242,US-KS,19
Kansas,2004,27.98162575,US-KS,19
Kansas,2005,29.90597649,US-KS,19
Kansas,2006,29.29437027,US-KS,19
Kansas,2007,29.78330421,US-KS,19
Kansas,2008,28.5575489,US-KS,19
Kansas,2009,26.98248558,US-KS,19
Kansas,2010,30.49094009,US-KS,19
Kansas,2011,30.92689743,US-KS,19
Kansas,2012,30.92175789,US-KS,19
Kansas,2013,29.32215996,US-KS,19
Kansas,2014,29.03082047,US-KS,19
Kansas,2015,29.67384262,US-KS,19
Kansas,2016,30.57338562,US-KS,19
Kansas,2017,29.26842728,US-KS,19
Kansas,2018,29.18130226,US-KS,19
Kansas,2019,29.49905396,US-KS,19
Oklahoma,1990,31.27918854,US-OK,27
Oklahoma,1991,30.44893188,US-OK,27
Oklahoma,1992,29.16560974,US-OK,27
Oklahoma,1993,30.19082146,US-OK,27
Oklahoma,1994,30.7910881,US-OK,27
Oklahoma,1995,30.40806847,US-OK,27
Oklahoma,1996,29.57058334,US-OK,27
Oklahoma,1997,29.91129608,US-OK,27
Oklahoma,1998,32.47974129,US-OK,27
Oklahoma,1999,30.70488052,US-OK,27
Oklahoma,2000,31.47782478,US-OK,27
Oklahoma,2001,31.20771255,US-OK,27
Oklahoma,2002,29.9762516,US-OK,27
Oklahoma,2003,30.58658333,US-OK,27
Oklahoma,2004,29.61853104,US-OK,27
Oklahoma,2005,31.48133278,US-OK,27
Oklahoma,2006,31.37292824,US-OK,27
Oklahoma,2007,30.98854294,US-OK,27
Oklahoma,2008,30.48118134,US-OK,27
Oklahoma,2009,29.42153435,US-OK,27
Oklahoma,2010,32.23588791,US-OK,27
Oklahoma,2011,33.55496216,US-OK,27
Oklahoma,2012,32.28580208,US-OK,27
Oklahoma,2013,31.11911011,US-OK,27
Oklahoma,2014,30.81066589,US-OK,27
Oklahoma,2015,31.41025696,US-OK,27
Oklahoma,2016,32.16737518,US-OK,27
Oklahoma,2017,30.55834312,US-OK,27
Oklahoma,2018,30.8463192,US-OK,27
Oklahoma,2019,31.22726631,US-OK,27
Iowa,1990,25.46762848,US-IA,11
Iowa,1991,25.63157616,US-IA,11
Iowa,1992,23.57392883,US-IA,11
Iowa,1993,23.40398865,US-IA,11
Iowa,1994,24.97074242,US-IA,11
Iowa,1995,25.35326042,US-IA,11
Iowa,1996,24.2917202,US-IA,11
Iowa,1997,24.90619965,US-IA,11
Iowa,1998,25.21447983,US-IA,11
Iowa,1999,25.06367378,US-IA,11
Iowa,2000,25.23566017,US-IA,11
Iowa,2001,24.9073288,US-IA,11
Iowa,2002,25.13156414,US-IA,11
Iowa,2003,25.51927414,US-IA,11
Iowa,2004,24.21886368,US-IA,11
Iowa,2005,26.77837067,US-IA,11
Iowa,2006,24.98978119,US-IA,11
Iowa,2007,26.30724945,US-IA,11
Iowa,2008,25.04219322,US-IA,11
Iowa,2009,23.15360909,US-IA,11
Iowa,2010,26.13239517,US-IA,11
Iowa,2011,25.76343346,US-IA,11
Iowa,2012,26.90611649,US-IA,11
Iowa,2013,25.51948128,US-IA,11
Iowa,2014,24.66152306,US-IA,11
Iowa,2015,25.53444481,US-IA,11
Iowa,2016,26.50485611,US-IA,11
Iowa,2017,25.91725044,US-IA,11
Iowa,2018,25.22734127,US-IA,11
Iowa,2019,25.88574429,US-IA,11
Missouri,1990,28.2976078,US-MO,14
Missouri,1991,28.9367054,US-MO,14
Missouri,1992,26.56062737,US-MO,14
Missouri,1993,26.84096603,US-MO,14
Missouri,1994,27.6038166,US-MO,14
Missouri,1995,27.98947182,US-MO,14
Missouri,1996,27.00983849,US-MO,14
Missouri,1997,27.35881996,US-MO,14
Missouri,1998,28.41385612,US-MO,14
Missouri,1999,28.13275948,US-MO,14
Missouri,2000,28.19096947,US-MO,14
Missouri,2001,27.69961052,US-MO,14
Missouri,2002,28.10946922,US-MO,14
Missouri,2003,27.79855499,US-MO,14
Missouri,2004,26.90950165,US-MO,14
Missouri,2005,29.07007332,US-MO,14
Missouri,2006,28.11679192,US-MO,14
Missouri,2007,29.15214272,US-MO,14
Missouri,2008,27.3888092,US-MO,14
Missouri,2009,25.96577148,US-MO,14
Missouri,2010,29.43117752,US-MO,14
Missouri,2011,29.10230751,US-MO,14
Missouri,2012,29.3694931,US-MO,14
Missouri,2013,27.91127701,US-MO,14
Missouri,2014,27.61628571,US-MO,14
Missouri,2015,28.34248123,US-MO,14
Missouri,2016,29.54695816,US-MO,14
Missouri,2017,28.0411911,US-MO,14
Missouri,2018,28.62127342,US-MO,14
Missouri,2019,28.55070038,US-MO,14
Wisconsin,1990,22.54603539,US-WI,16
Wisconsin,1991,22.67900772,US-WI,16
Wisconsin,1992,20.85457935,US-WI,16
Wisconsin,1993,21.01904984,US-WI,16
Wisconsin,1994,22.71644974,US-WI,16
Wisconsin,1995,23.41932716,US-WI,16
Wisconsin,1996,22.26980133,US-WI,16
Wisconsin,1997,21.91693993,US-WI,16
Wisconsin,1998,22.87887764,US-WI,16
Wisconsin,1999,22.51969814,US-WI,16
Wisconsin,2000,22.10387726,US-WI,16
Wisconsin,2001,22.39172287,US-WI,16
Wisconsin,2002,22.55294151,US-WI,16
Wisconsin,2003,22.73223057,US-WI,16
Wisconsin,2004,21.88192387,US-WI,16
Wisconsin,2005,24.20843697,US-WI,16
Wisconsin,2006,22.3963562,US-WI,16
Wisconsin,2007,23.84336243,US-WI,16
Wisconsin,2008,22.60140896,US-WI,16
Wisconsin,2009,20.9549511,US-WI,16
Wisconsin,2010,23.28531876,US-WI,16
Wisconsin,2011,23.30420609,US-WI,16
Wisconsin,2012,24.02916718,US-WI,16
Wisconsin,2013,22.88206406,US-WI,16
Wisconsin,2014,22.11230145,US-WI,16
Wisconsin,2015,23.04361305,US-WI,16
Wisconsin,2016,23.62992706,US-WI,16
Wisconsin,2017,23.1492197,US-WI,16
Wisconsin,2018,22.7129755,US-WI,16
Wisconsin,2019,23.04824142,US-WI,16
Illinois,1990,26.30722542,US-IL,5
Illinois,1991,27.59866524,US-IL,5
Illinois,1992,25.30844078,US-IL,5
Illinois,1993,25.47198105,US-IL,5
Illinois,1994,26.52618599,US-IL,5
Illinois,1995,27.24451103,US-IL,5
Illinois,1996,25.93980522,US-IL,5
Illinois,1997,25.87212563,US-IL,5
Illinois,1998,26.75547714,US-IL,5
Illinois,1999,26.81100807,US-IL,5
Illinois,2000,26.17156258,US-IL,5
Illinois,2001,25.86164742,US-IL,5
Illinois,2002,26.94735832,US-IL,5
Illinois,2003,25.96574135,US-IL,5
Illinois,2004,25.54532433,US-IL,5
Illinois,2005,27.9504261,US-IL,5
Illinois,2006,25.92468796,US-IL,5
Illinois,2007,28.16731377,US-IL,5
Illinois,2008,26.38369865,US-IL,5
Illinois,2009,24.61480236,US-IL,5
Illinois,2010,27.97360611,US-IL,5
Illinois,2011,27.08812485,US-IL,5
Illinois,2012,27.67327576,US-IL,5
Illinois,2013,26.51316071,US-IL,5
Illinois,2014,25.96322708,US-IL,5
Illinois,2015,26.93963547,US-IL,5
Illinois,2016,28.09824715,US-IL,5
Illinois,2017,26.87052155,US-IL,5
Illinois,2018,27.12068024,US-IL,5
Illinois,2019,27.42234344,US-IL,5
Kentucky,1990,27.37380066,US-KY,26
Kentucky,1991,28.21836433,US-KY,26
Kentucky,1992,26.02869949,US-KY,26
Kentucky,1993,27.55125847,US-KY,26
Kentucky,1994,27.36240997,US-KY,26
Kentucky,1995,27.97233047,US-KY,26
Kentucky,1996,26.63853111,US-KY,26
Kentucky,1997,26.43257828,US-KY,26
Kentucky,1998,28.16383095,US-KY,26
Kentucky,1999,28.22347412,US-KY,26
Kentucky,2000,27.00006676,US-KY,26
Kentucky,2001,26.73947144,US-KY,26
Kentucky,2002,28.18477097,US-KY,26
Kentucky,2003,26.21499901,US-KY,26
Kentucky,2004,26.50017586,US-KY,26
Kentucky,2005,28.37947884,US-KY,26
Kentucky,2006,26.62871933,US-KY,26
Kentucky,2007,29.55282936,US-KY,26
Kentucky,2008,28.04132805,US-KY,26
Kentucky,2009,25.88652916,US-KY,26
Kentucky,2010,29.49387856,US-KY,26
Kentucky,2011,27.79126892,US-KY,26
Kentucky,2012,27.94731445,US-KY,26
Kentucky,2013,27.1099575,US-KY,26
Kentucky,2014,27.13246956,US-KY,26
Kentucky,2015,27.67225342,US-KY,26
Kentucky,2016,29.52994118,US-KY,26
Kentucky,2017,27.11001472,US-KY,26
Kentucky,2018,28.22874832,US-KY,26
Kentucky,2019,29.36470375,US-KY,26
Arkansas,1990,30.45408936,US-AR,2
Arkansas,1991,30.04640121,US-AR,2
Arkansas,1992,28.57096596,US-AR,2
Arkansas,1993,29.84928169,US-AR,2
Arkansas,1994,29.18198318,US-AR,2
Arkansas,1995,30.07869492,US-AR,2
Arkansas,1996,28.85287971,US-AR,2
Arkansas,1997,29.07912903,US-AR,2
Arkansas,1998,31.18818283,US-AR,2
Arkansas,1999,30.35588188,US-AR,2
Arkansas,2000,30.70226097,US-AR,2
Arkansas,2001,29.33645363,US-AR,2
Arkansas,2002,29.45061455,US-AR,2
Arkansas,2003,29.39117928,US-AR,2
Arkansas,2004,28.82036629,US-AR,2
Arkansas,2005,30.52764244,US-AR,2
Arkansas,2006,30.25471001,US-AR,2
Arkansas,2007,30.48193283,US-AR,2
Arkansas,2008,29.32686996,US-AR,2
Arkansas,2009,28.46508865,US-AR,2
Arkansas,2010,31.64994698,US-AR,2
Arkansas,2011,31.50798378,US-AR,2
Arkansas,2012,30.69405899,US-AR,2
Arkansas,2013,29.72818298,US-AR,2
Arkansas,2014,29.29895096,US-AR,2
Arkansas,2015,30.45293045,US-AR,2
Arkansas,2016,31.39562721,US-AR,2
Arkansas,2017,29.33922005,US-AR,2
Arkansas,2018,30.1403595,US-AR,2
Arkansas,2019,30.94201698,US-AR,2
Tennessee,1990,28.74844666,US-TN,20
Tennessee,1991,28.6331234,US-TN,20
Tennessee,1992,26.69390564,US-TN,20
Tennessee,1993,28.72842369,US-TN,20
Tennessee,1994,27.51879425,US-TN,20
Tennessee,1995,28.2345253,US-TN,20
Tennessee,1996,27.30955391,US-TN,20
Tennessee,1997,27.12042694,US-TN,20
Tennessee,1998,29.32260666,US-TN,20
Tennessee,1999,28.72128601,US-TN,20
Tennessee,2000,28.4197403,US-TN,20
Tennessee,2001,27.32935333,US-TN,20
Tennessee,2002,28.60515633,US-TN,20
Tennessee,2003,27.05187378,US-TN,20
Tennessee,2004,27.20191116,US-TN,20
Tennessee,2005,28.69112167,US-TN,20
Tennessee,2006,27.85309982,US-TN,20
Tennessee,2007,29.94845047,US-TN,20
Tennessee,2008,28.54203339,US-TN,20
Tennessee,2009,26.91582375,US-TN,20
Tennessee,2010,30.28520737,US-TN,20
Tennessee,2011,28.81374588,US-TN,20
Tennessee,2012,28.41353226,US-TN,20
Tennessee,2013,27.61679077,US-TN,20
Tennessee,2014,28.06810303,US-TN,20
Tennessee,2015,28.58321228,US-TN,20
Tennessee,2016,30.55326271,US-TN,20
Tennessee,2017,27.75507889,US-TN,20
Tennessee,2018,28.99995995,US-TN,20
Tennessee,2019,29.94876862,US-TN,20
Indiana,1990,25.69610252,US-IN,31
Indiana,1991,27.41174812,US-IN,31
Indiana,1992,24.59839211,US-IN,31
Indiana,1993,25.27019081,US-IN,31
Indiana,1994,26.07359352,US-IN,31
Indiana,1995,26.82592049,US-IN,31
Indiana,1996,25.53570251,US-IN,31
Indiana,1997,24.96125069,US-IN,31
Indiana,1998,26.37175293,US-IN,31
Indiana,1999,26.71613503,US-IN,31
Indiana,2000,25.30176125,US-IN,31
Indiana,2001,25.20064583,US-IN,31
Indiana,2002,26.75954323,US-IN,31
Indiana,2003,24.89010582,US-IN,31
Indiana,2004,25.00258102,US-IN,31
Indiana,2005,27.11190414,US-IN,31
Indiana,2006,24.90976753,US-IN,31
Indiana,2007,27.83514595,US-IN,31
Indiana,2008,26.37327881,US-IN,31
Indiana,2009,24.29927158,US-IN,31
Indiana,2010,27.76748505,US-IN,31
Indiana,2011,26.47785034,US-IN,31
Indiana,2012,26.79697609,US-IN,31
Indiana,2013,25.80832214,US-IN,31
Indiana,2014,25.34878349,US-IN,31
Indiana,2015,26.0812458,US-IN,31
Indiana,2016,27.61929131,US-IN,31
Indiana,2017,25.99837265,US-IN,31
Indiana,2018,26.60316772,US-IN,31
Indiana,2019,27.45968018,US-IN,31
Mexico,1960,24.69291494,MX,37
Mexico,1961,24.08631448,MX,37
Mexico,1962,24.82517101,MX,37
Mexico,1963,24.15077051,MX,37
Mexico,1964,24.21182839,MX,37
Mexico,1965,24.04950737,MX,37
Mexico,1966,24.00311228,MX,37
Mexico,1967,23.77572379,MX,37
Mexico,1968,23.90194787,MX,37
Mexico,1969,24.55428032,MX,37
Mexico,1970,24.11504276,MX,37
Mexico,1971,23.53962314,MX,37
Mexico,1972,24.05732994,MX,37
Mexico,1973,23.76550604,MX,37
Mexico,1974,23.72473938,MX,37
Mexico,1975,23.61244252,MX,37
Mexico,1976,23.3892315,MX,37
Mexico,1977,24.56436609,MX,37
Mexico,1978,23.82764586,MX,37
Mexico,1979,24.4969322,MX,37
Mexico,1980,24.57140239,MX,37
Mexico,1981,24.10326676,MX,37
Mexico,1982,24.85419717,MX,37
Mexico,1983,24.37867012,MX,37
Mexico,1984,23.46397592,MX,37
Mexico,1985,24.3190237,MX,37
Mexico,1986,24.00079126,MX,37
Mexico,1987,24.65406259,MX,37
Mexico,1988,24.13302395,MX,37
Mexico,1989,24.66499945,MX,37
Mexico,1990,24.13010565,MX,37
Mexico,1991,24.20810553,MX,37
Mexico,1992,24.67013634,MX,37
Mexico,1993,24.42877823,MX,37
Mexico,1994,24.83660704,MX,37
Mexico,1995,24.70696146,MX,37
Mexico,1996,24.67172865,MX,37
Mexico,1997,25.21139336,MX,37
Mexico,1998,25.0524405,MX,37
Mexico,1999,24.39275347,MX,37
Mexico,2000,24.55230519,MX,37
Mexico,2001,24.63706006,MX,37
Mexico,2002,24.59128124,MX,37
Mexico,2003,24.3356142,MX,37
Mexico,2004,24.57329255,MX,37
Mexico,2005,25.12984557,MX,37
Mexico,2006,24.76721438,MX,37
Mexico,2007,24.64131918,MX,37
Mexico,2008,24.23114511,MX,37
Mexico,2009,25.36010432,MX,37
Mexico,2010,24.58237942,MX,37
Mexico,2011,25.60267588,MX,37
Mexico,2012,25.21284734,MX,37
Mexico,2013,24.66638755,MX,37
Mexico,2014,24.97708772,MX,37
Mexico,2015,25.27197214,MX,37
Mexico,2016,25.15834632,MX,37
Mexico,2017,25.11945008,MX,37
Mexico,2018,24.8577891,MX,37
Mexico,2019,25.56276407,MX,37
